timeOpen;timeClose;timeHigh;timeLow;name;open;high;low;close;volume;marketCap;timestamp
"2019-12-31T00:00:00.000Z";"2019-12-31T23:59:59.999Z";"2019-12-31T14:55:00.000Z";"2019-12-31T21:03:00.000Z";"2781";7294.4388956;7335.2900508;7169.77768628;7193.59897843;21167946112.3;130446112598.42;"2019-12-31T23:59:59.999Z"
"2019-12-30T00:00:00.000Z";"2019-12-30T23:59:59.999Z";"2019-12-30T07:34:00.000Z";"2019-12-30T17:44:00.000Z";"2781";7420.27278806;7454.82402731;7276.30814028;7292.99507783;22874131671.99;132235128152.198;"2019-12-30T23:59:59.999Z"
"2019-12-29T00:00:00.000Z";"2019-12-29T23:59:59.999Z";"2019-12-29T20:27:00.000Z";"2019-12-29T00:01:00.000Z";"2781";7317.64758783;7513.94840873;7279.86546765;7422.65258898;22445257701.74;134570835775.06;"2019-12-29T23:59:59.999Z"
"2019-12-28T00:00:00.000Z";"2019-12-28T23:59:59.999Z";"2019-12-28T20:13:00.000Z";"2019-12-28T00:08:00.000Z";"2781";7289.0311303;7399.04088941;7286.90517228;7317.99003408;21365673026.12;132659059739.795;"2019-12-28T23:59:59.999Z"
"2019-12-27T00:00:00.000Z";"2019-12-27T23:59:59.999Z";"2019-12-27T19:03:00.000Z";"2019-12-27T04:54:00.000Z";"2781";7238.14118032;7363.52923526;7189.93393524;7290.08851803;22777360995.57;132139502950.022;"2019-12-27T23:59:59.999Z"
"2019-12-26T00:00:00.000Z";"2019-12-26T23:59:59.999Z";"2019-12-26T19:39:00.000Z";"2019-12-26T13:23:00.000Z";"2781";7274.79942782;7388.30253592;7200.38659835;7238.96702501;22787010034.35;131200030099.764;"2019-12-26T23:59:59.999Z"
"2019-12-25T00:00:00.000Z";"2019-12-25T23:59:59.999Z";"2019-12-25T09:14:00.000Z";"2019-12-25T16:58:00.000Z";"2781";7325.75589098;7357.01996276;7220.99109225;7275.15572845;21559505148.81;131840641291.733;"2019-12-25T23:59:59.999Z"
"2019-12-24T00:00:00.000Z";"2019-12-24T23:59:59.999Z";"2019-12-24T15:04:00.000Z";"2019-12-24T18:48:00.000Z";"2781";7354.39283808;7535.71669352;7269.52874884;7322.5324589;22991622105.41;132687583294.875;"2019-12-24T23:59:59.999Z"
"2019-12-23T00:00:00.000Z";"2019-12-23T23:59:59.999Z";"2019-12-23T16:17:00.000Z";"2019-12-23T22:39:01.000Z";"2781";7508.90255573;7656.17619127;7326.19251983;7355.62826671;27831788041.21;133275709110.985;"2019-12-23T23:59:59.999Z"
"2019-12-22T00:00:00.000Z";"2019-12-22T23:59:59.999Z";"2019-12-22T23:57:01.000Z";"2019-12-22T02:06:01.000Z";"2781";7191.18870288;7518.03306263;7167.17911959;7511.58904232;23134537956.15;136088022048.89;"2019-12-22T23:59:59.999Z"
"2019-12-21T00:00:00.000Z";"2019-12-21T23:59:59.999Z";"2019-12-21T00:01:00.000Z";"2019-12-21T09:59:00.000Z";"2781";7220.59355274;7223.22627792;7112.73608254;7191.15846913;19312552168.11;130267655889.328;"2019-12-21T23:59:59.999Z"
"2019-12-20T00:00:00.000Z";"2019-12-20T23:59:59.999Z";"2019-12-20T22:44:00.000Z";"2019-12-20T17:42:01.000Z";"2781";7208.63695894;7257.92191888;7086.12400862;7218.81638679;22633815180.05;130752796980.24;"2019-12-20T23:59:59.999Z"
"2019-12-19T00:00:00.000Z";"2019-12-19T23:59:59.999Z";"2019-12-19T00:16:00.000Z";"2019-12-19T09:42:00.000Z";"2781";7277.59099229;7346.60239301;7041.3820191;7202.84436364;25904604415.96;130445758712.962;"2019-12-19T23:59:59.999Z"
"2019-12-18T00:00:00.000Z";"2019-12-18T23:59:59.999Z";"2019-12-18T23:02:01.000Z";"2019-12-18T13:27:01.000Z";"2781";6647.69846901;7324.98487298;6540.04927709;7276.80277047;31836522778.2;131754969804.179;"2019-12-18T23:59:59.999Z"
"2019-12-17T00:00:00.000Z";"2019-12-17T23:59:59.999Z";"2019-12-17T12:23:00.000Z";"2019-12-17T23:01:01.000Z";"2781";6931.31521843;6964.07495829;6587.97426228;6640.51524608;22363804217.34;120234244808.994;"2019-12-17T23:59:59.999Z"
"2019-12-16T00:00:00.000Z";"2019-12-16T23:59:59.999Z";"2019-12-16T14:29:01.000Z";"2019-12-16T21:00:00.000Z";"2781";7153.66322803;7171.16870269;6903.68277313;6932.48038982;20213265949.62;125515586951.621;"2019-12-16T23:59:59.999Z"
"2019-12-15T00:00:00.000Z";"2019-12-15T23:59:59.999Z";"2019-12-15T10:04:00.000Z";"2019-12-15T15:13:01.000Z";"2781";7124.23952463;7181.0755288;6924.37592187;7152.30184412;16881129804.3;129481424647.556;"2019-12-15T23:59:59.999Z"
"2019-12-14T00:00:00.000Z";"2019-12-14T23:59:59.999Z";"2019-12-14T01:02:00.000Z";"2019-12-14T16:08:00.000Z";"2781";7268.90271202;7308.83632746;7097.20887996;7124.67396997;17137029729.95;128970221233.088;"2019-12-14T23:59:59.999Z"
"2019-12-13T00:00:00.000Z";"2019-12-13T23:59:59.999Z";"2019-12-13T16:46:00.000Z";"2019-12-13T14:35:00.000Z";"2781";7244.66223669;7293.56066067;7227.12274448;7269.68455922;17125736940.17;131581377758.097;"2019-12-13T23:59:59.999Z"
"2019-12-12T00:00:00.000Z";"2019-12-12T23:59:59.999Z";"2019-12-12T21:03:00.000Z";"2019-12-12T10:22:01.000Z";"2781";7216.73886245;7266.6394584;7164.7412448;7243.13436273;18927080224.02;131087151088.483;"2019-12-12T23:59:59.999Z"
"2019-12-11T00:00:00.000Z";"2019-12-11T23:59:59.999Z";"2019-12-11T13:07:00.000Z";"2019-12-11T20:59:00.000Z";"2781";7277.19769871;7324.15640741;7195.52739606;7217.4271152;16350490689.28;130609895527.986;"2019-12-11T23:59:59.999Z"
"2019-12-10T00:00:00.000Z";"2019-12-10T23:59:59.999Z";"2019-12-10T04:09:01.000Z";"2019-12-10T20:42:00.000Z";"2781";7397.13422776;7424.02286377;7246.04375293;7278.1197833;18249031194.89;131696121854.857;"2019-12-10T23:59:59.999Z"
"2019-12-09T00:00:00.000Z";"2019-12-09T23:59:59.999Z";"2019-12-09T15:04:01.000Z";"2019-12-09T22:18:00.000Z";"2781";7561.79517117;7618.09166983;7365.98519914;7400.89935576;17872021272.39;133904005787.106;"2019-12-09T23:59:59.999Z"
"2019-12-08T00:00:00.000Z";"2019-12-08T23:59:59.999Z";"2019-12-08T16:01:01.000Z";"2019-12-08T04:29:00.000Z";"2781";7551.33900507;7634.60664192;7476.09125491;7564.3454032;15409908086.2;136847419895.976;"2019-12-08T23:59:59.999Z"
"2019-12-07T00:00:00.000Z";"2019-12-07T23:59:59.999Z";"2019-12-07T04:55:00.000Z";"2019-12-07T08:53:00.000Z";"2781";7547.26544276;7589.95176549;7525.71133898;7556.23803387;15453520564.06;136686769529.039;"2019-12-07T23:59:59.999Z"
"2019-12-06T00:00:00.000Z";"2019-12-06T23:59:59.999Z";"2019-12-06T23:59:00.000Z";"2019-12-06T12:04:00.000Z";"2781";7450.56165667;7546.99669772;7392.17506274;7546.99669772;18104466306.77;136504883934.631;"2019-12-06T23:59:59.999Z"
"2019-12-05T00:00:00.000Z";"2019-12-05T23:59:59.999Z";"2019-12-05T12:22:00.000Z";"2019-12-05T00:05:01.000Z";"2781";7253.24189285;7743.43172474;7232.67698855;7448.30752084;18816085231.3;134706455047.842;"2019-12-05T23:59:59.999Z"
"2019-12-04T00:00:00.000Z";"2019-12-04T23:59:59.999Z";"2019-12-04T13:41:01.000Z";"2019-12-04T08:14:00.000Z";"2781";7320.12506594;7539.78474641;7170.92266087;7252.03458617;21664240918.45;131143073943.328;"2019-12-04T23:59:59.999Z"
"2019-12-03T00:00:00.000Z";"2019-12-03T23:59:59.999Z";"2019-12-03T16:27:01.000Z";"2019-12-03T10:22:00.000Z";"2781";7323.97540332;7418.85890799;7229.35711475;7320.1454684;14797485769.1;132359942301.421;"2019-12-03T23:59:59.999Z"
"2019-12-02T00:00:00.000Z";"2019-12-02T23:59:59.999Z";"2019-12-02T02:10:00.000Z";"2019-12-02T06:22:00.000Z";"2781";7424.03619682;7474.81886382;7233.39953789;7321.98811242;17082040705.78;132378982376.714;"2019-12-02T23:59:59.999Z"
"2019-12-01T00:00:00.000Z";"2019-12-01T23:59:59.999Z";"2019-12-01T00:00:02.000Z";"2019-12-01T09:48:00.000Z";"2781";7571.61619421;7571.61619421;7291.34195468;7424.29226516;18720708479.35;134215145409.923;"2019-12-01T23:59:59.999Z"
"2019-11-30T00:00:00.000Z";"2019-11-30T23:59:59.999Z";"2019-11-30T06:42:02.000Z";"2019-11-30T20:27:02.000Z";"2781";7764.05726187;7836.10181158;7515.84946647;7569.63012202;17158194786.41;136829391048.646;"2019-11-30T23:59:59.999Z"
"2019-11-29T00:00:00.000Z";"2019-11-29T23:59:59.999Z";"2019-11-29T16:03:02.000Z";"2019-11-29T00:22:00.000Z";"2781";7466.72728957;7781.1796785;7460.75621581;7761.24360172;19709695455.78;140280108520.941;"2019-11-29T23:59:59.999Z"
"2019-11-28T00:00:00.000Z";"2019-11-28T23:59:59.999Z";"2019-11-28T06:11:00.000Z";"2019-11-28T23:18:00.000Z";"2781";7536.82010358;7730.07266616;7454.12179377;7463.1061283;19050116751.27;134879411013.193;"2019-11-28T23:59:59.999Z"
"2019-11-27T00:00:00.000Z";"2019-11-27T23:59:59.999Z";"2019-11-27T20:38:00.000Z";"2019-11-27T10:18:00.000Z";"2781";7220.88064968;7619.6935852;6974.17436987;7531.6636446;23991412764.14;136102712894.028;"2019-11-27T23:59:59.999Z"
"2019-11-26T00:00:00.000Z";"2019-11-26T23:59:59.999Z";"2019-11-26T06:39:01.000Z";"2019-11-26T11:35:01.000Z";"2781";7145.1590862;7320.23035135;7098.57229752;7218.37133433;21129505542.49;130429018719.748;"2019-11-26T23:59:59.999Z"
"2019-11-25T00:00:00.000Z";"2019-11-25T23:59:59.999Z";"2019-11-25T16:13:01.000Z";"2019-11-25T05:43:00.000Z";"2781";7039.97703454;7319.85680403;6617.1670508;7146.13390214;42685231261.74;129112952930.262;"2019-11-25T23:59:59.999Z"
"2019-11-24T00:00:00.000Z";"2019-11-24T23:59:59.999Z";"2019-11-24T00:03:01.000Z";"2019-11-24T23:58:00.000Z";"2781";7398.63390574;7408.57736944;7029.28912726;7047.91688176;30433517289.47;127327398565.035;"2019-11-24T23:59:59.999Z"
"2019-11-23T00:00:00.000Z";"2019-11-23T23:59:59.999Z";"2019-11-23T22:09:01.000Z";"2019-11-23T09:25:01.000Z";"2781";7296.16442479;7442.25893278;7151.41781411;7397.7968154;21008924417.7;133636205957.351;"2019-11-23T23:59:59.999Z"
"2019-11-22T00:00:00.000Z";"2019-11-22T23:59:59.999Z";"2019-11-22T01:19:00.000Z";"2019-11-22T14:18:01.000Z";"2781";7643.56942455;7697.38271398;6936.70659892;7296.57756843;34242315784.81;131791783672.11;"2019-11-22T23:59:59.999Z"
"2019-11-21T00:00:00.000Z";"2019-11-21T23:59:59.999Z";"2019-11-21T08:12:02.000Z";"2019-11-21T18:13:01.000Z";"2781";8023.64468729;8110.09813105;7597.38160764;7642.74994484;22514243371.47;138031885378.783;"2019-11-21T23:59:59.999Z"
"2019-11-20T00:00:00.000Z";"2019-11-20T23:59:59.999Z";"2019-11-20T02:31:01.000Z";"2019-11-20T23:21:00.000Z";"2781";8203.61317991;8237.23987375;8010.51190064;8027.26824331;20764300436.84;144962727397.799;"2019-11-20T23:59:59.999Z"
"2019-11-19T00:00:00.000Z";"2019-11-19T23:59:59.999Z";"2019-11-19T02:43:00.000Z";"2019-11-19T13:08:01.000Z";"2781";8305.13429095;8408.51612757;8099.96336899;8206.14591807;21083613815.95;148178376842.59;"2019-11-19T23:59:59.999Z"
"2019-11-18T00:00:00.000Z";"2019-11-18T23:59:59.999Z";"2019-11-18T10:04:00.000Z";"2019-11-18T18:41:00.000Z";"2781";8573.98009164;8653.28015751;8273.57288734;8309.28598342;21579470673.41;150025712267.127;"2019-11-18T23:59:59.999Z"
"2019-11-17T00:00:00.000Z";"2019-11-17T23:59:59.999Z";"2019-11-17T20:34:00.000Z";"2019-11-17T08:03:00.000Z";"2781";8549.47090893;8727.78922661;8500.96788688;8577.9757816;18668638896.63;154861842424.932;"2019-11-17T23:59:59.999Z"
"2019-11-16T00:00:00.000Z";"2019-11-16T23:59:59.999Z";"2019-11-16T09:49:00.000Z";"2019-11-16T00:36:00.000Z";"2781";8491.16631667;8591.99724097;8473.97406353;8550.76055694;16495389808.41;154354054193.602;"2019-11-16T23:59:59.999Z"
"2019-11-15T00:00:00.000Z";"2019-11-15T23:59:59.999Z";"2019-11-15T09:18:00.000Z";"2019-11-15T21:17:01.000Z";"2781";8705.70810061;8730.8734266;8484.84418485;8491.99201234;21796856471.09;153277483625.533;"2019-11-15T23:59:59.999Z"
"2019-11-14T00:00:00.000Z";"2019-11-14T23:59:59.999Z";"2019-11-14T00:21:00.000Z";"2019-11-14T18:36:01.000Z";"2781";8811.93633174;8826.94365923;8692.55188007;8708.09509517;19084739974.57;157160974643.863;"2019-11-14T23:59:59.999Z"
"2019-11-13T00:00:00.000Z";"2019-11-13T23:59:59.999Z";"2019-11-13T11:01:00.000Z";"2019-11-13T04:50:01.000Z";"2781";8812.03362864;8836.84179047;8761.6511216;8808.2625823;17545755404.6;158949942842.024;"2019-11-13T23:59:59.999Z"
"2019-11-12T00:00:00.000Z";"2019-11-12T23:59:59.999Z";"2019-11-12T12:20:01.000Z";"2019-11-12T15:25:01.000Z";"2781";8759.75190096;8853.76817777;8685.42814321;8815.66253925;20309769107.26;159068712900.41;"2019-11-12T23:59:59.999Z"
"2019-11-11T00:00:00.000Z";"2019-11-11T23:59:59.999Z";"2019-11-11T02:25:00.000Z";"2019-11-11T10:10:00.000Z";"2781";9056.91770059;9081.27928096;8700.60878725;8757.78854226;20265510765.31;158009772437.163;"2019-11-11T23:59:59.999Z"
"2019-11-10T00:00:00.000Z";"2019-11-10T23:59:59.999Z";"2019-11-10T23:07:00.000Z";"2019-11-10T00:04:00.000Z";"2781";8812.48953287;9103.82584426;8806.16233361;9055.52605732;20587919881.03;163364406731.87;"2019-11-10T23:59:59.999Z"
"2019-11-09T00:00:00.000Z";"2019-11-09T23:59:59.999Z";"2019-11-09T07:03:00.000Z";"2019-11-09T00:10:00.000Z";"2781";8809.46919831;8891.81831071;8793.16349154;8813.58248677;17578630605.92;158981489715.407;"2019-11-09T23:59:59.999Z"
"2019-11-08T00:00:00.000Z";"2019-11-08T23:59:59.999Z";"2019-11-08T01:28:00.000Z";"2019-11-08T15:13:00.000Z";"2781";9265.36833744;9272.75941894;8775.53408279;8804.88071936;24333037836.15;158808570728.683;"2019-11-08T23:59:59.999Z"
"2019-11-07T00:00:00.000Z";"2019-11-07T23:59:59.999Z";"2019-11-07T01:22:00.000Z";"2019-11-07T21:34:00.000Z";"2781";9352.39346741;9368.47622343;9202.35313712;9267.56114253;22700383838.52;167138722904.034;"2019-11-07T23:59:59.999Z"
"2019-11-06T00:00:00.000Z";"2019-11-06T23:59:59.999Z";"2019-11-06T07:40:00.000Z";"2019-11-06T17:38:00.000Z";"2781";9340.86427973;9423.23703723;9305.90931362;9360.87991187;23133895764.61;168806151582.738;"2019-11-06T23:59:59.999Z"
"2019-11-05T00:00:00.000Z";"2019-11-05T23:59:59.999Z";"2019-11-05T02:26:01.000Z";"2019-11-05T07:25:00.000Z";"2781";9413.00494286;9457.41843455;9256.93201502;9342.52717939;26198609047.84;168459778835.171;"2019-11-05T23:59:59.999Z"
"2019-11-04T00:00:00.000Z";"2019-11-04T23:59:59.999Z";"2019-11-04T20:47:00.000Z";"2019-11-04T04:52:01.000Z";"2781";9235.60706498;9505.05167619;9191.48573922;9412.61187106;26170255634.42;169706332936.354;"2019-11-04T23:59:59.999Z"
"2019-11-03T00:00:00.000Z";"2019-11-03T23:59:59.999Z";"2019-11-03T02:56:00.000Z";"2019-11-03T18:16:00.000Z";"2781";9324.78683223;9379.80687235;9141.25199093;9235.35487947;21132220847.49;166495319475.216;"2019-11-03T23:59:59.999Z"
"2019-11-02T00:00:00.000Z";"2019-11-02T23:59:59.999Z";"2019-11-02T20:30:00.000Z";"2019-11-02T10:05:01.000Z";"2781";9259.78300285;9377.48656728;9249.58772699;9324.71776331;21242676385.33;168090392934.699;"2019-11-02T23:59:59.999Z"
"2019-11-01T00:00:00.000Z";"2019-11-01T23:59:59.999Z";"2019-11-01T22:11:00.000Z";"2019-11-01T04:13:01.000Z";"2781";9193.99198943;9275.65727074;9132.04757639;9261.104352;24324691031.33;166928044163.92;"2019-11-01T23:59:59.999Z"
"2019-10-31T00:00:00.000Z";"2019-10-31T23:59:59.999Z";"2019-10-31T08:47:00.000Z";"2019-10-31T10:18:00.000Z";"2781";9202.45758879;9383.16089153;9028.71744031;9199.58483269;26583653946.63;165804227834.59;"2019-10-31T23:59:59.999Z"
"2019-10-30T00:00:00.000Z";"2019-10-30T23:59:59.999Z";"2019-10-30T00:01:01.000Z";"2019-10-30T15:58:00.000Z";"2781";9422.4633254;9426.87421747;9085.3703568;9205.72655905;27706531577.46;165899500650.49;"2019-10-30T23:59:59.999Z"
"2019-10-29T00:00:00.000Z";"2019-10-29T23:59:59.999Z";"2019-10-29T05:26:01.000Z";"2019-10-29T19:49:00.000Z";"2781";9248.4405622;9516.18104772;9232.64808578;9427.68758384;28426779937.41;169883866262.332;"2019-10-29T23:59:59.999Z"
"2019-10-28T00:00:00.000Z";"2019-10-28T23:59:59.999Z";"2019-10-28T01:30:00.000Z";"2019-10-28T23:59:00.000Z";"2781";9565.10188348;9805.11808945;9256.14838876;9256.14838876;30948255331.82;166777392742.458;"2019-10-28T23:59:59.999Z"
"2019-10-27T00:00:00.000Z";"2019-10-27T23:59:59.999Z";"2019-10-27T20:00:00.000Z";"2019-10-27T04:19:00.000Z";"2781";9241.70707513;9749.52966634;9112.54182017;9551.7149631;32593129500.74;172087039875.447;"2019-10-27T23:59:59.999Z"
"2019-10-26T00:00:00.000Z";"2019-10-26T23:59:59.999Z";"2019-10-26T02:02:01.000Z";"2019-10-26T02:08:01.000Z";"2781";8667.57715496;10021.743983;8662.62237955;9244.97220867;44496255608.75;166547360781.636;"2019-10-26T23:59:59.999Z"
"2019-10-25T00:00:00.000Z";"2019-10-25T23:59:59.999Z";"2019-10-25T20:46:01.000Z";"2019-10-25T05:32:00.000Z";"2781";7490.70317641;8691.53999754;7479.98432283;8660.70063696;28705065488.25;156006603607.064;"2019-10-25T23:59:59.999Z"
"2019-10-24T00:00:00.000Z";"2019-10-24T23:59:59.999Z";"2019-10-24T00:15:01.000Z";"2019-10-24T06:58:01.000Z";"2781";7509.72818274;7532.86765606;7446.98855091;7493.48873154;16268708848.76;134968410276.478;"2019-10-24T23:59:59.999Z"
"2019-10-23T00:00:00.000Z";"2019-10-23T23:59:59.999Z";"2019-10-23T01:56:00.000Z";"2019-10-23T22:51:01.000Z";"2781";8076.22846601;8092.99949202;7469.32269922;7514.67201276;21942878957.54;135337364281.804;"2019-10-23T23:59:59.999Z"
"2019-10-22T00:00:00.000Z";"2019-10-22T23:59:59.999Z";"2019-10-22T10:06:00.000Z";"2019-10-22T23:33:00.000Z";"2781";8243.40209165;8296.65115115;8074.46280468;8078.20332194;16803377856.54;145469660005.416;"2019-10-22T23:59:59.999Z"
"2019-10-21T00:00:00.000Z";"2019-10-21T23:59:59.999Z";"2019-10-21T15:22:01.000Z";"2019-10-21T16:32:00.000Z";"2781";8225.11518823;8296.69397668;8196.41634287;8243.72113905;15868748865.71;148432733155.222;"2019-10-21T23:59:59.999Z"
"2019-10-20T00:00:00.000Z";"2019-10-20T23:59:59.999Z";"2019-10-20T20:21:00.000Z";"2019-10-20T03:10:01.000Z";"2781";7997.8070221;8281.81863723;7949.43922655;8222.07826034;15504249442.11;148026597063.944;"2019-10-20T23:59:59.999Z"
"2019-10-19T00:00:00.000Z";"2019-10-19T23:59:59.999Z";"2019-10-19T13:15:00.000Z";"2019-10-19T02:13:01.000Z";"2781";7973.8037681;8082.62930791;7944.7770508;7988.56044241;13797825640.24;143808163806.88;"2019-10-19T23:59:59.999Z"
"2019-10-18T00:00:00.000Z";"2019-10-18T23:59:59.999Z";"2019-10-18T02:03:01.000Z";"2019-10-18T08:56:01.000Z";"2781";8100.93361588;8138.41371165;7902.16409743;7973.20744597;15651592610.22;143517630375.763;"2019-10-18T23:59:59.999Z"
"2019-10-17T00:00:00.000Z";"2019-10-17T23:59:59.999Z";"2019-10-17T16:36:00.000Z";"2019-10-17T05:03:00.000Z";"2781";8047.81274259;8134.8314486;8000.94263465;8103.91137325;14313052244.08;145853994297.969;"2019-10-17T23:59:59.999Z"
"2019-10-16T00:00:00.000Z";"2019-10-16T23:59:59.999Z";"2019-10-16T06:27:00.000Z";"2019-10-16T16:03:00.000Z";"2781";8204.67452005;8216.81221666;7985.08963712;8047.52686305;16071646995.52;144823993562.285;"2019-10-16T23:59:59.999Z"
"2019-10-15T00:00:00.000Z";"2019-10-15T23:59:59.999Z";"2019-10-15T00:34:00.000Z";"2019-10-15T21:24:00.000Z";"2781";8373.45825537;8410.71471368;8182.70662559;8205.36931588;15220412631.58;147650082214.972;"2019-10-15T23:59:59.999Z"
"2019-10-14T00:00:00.000Z";"2019-10-14T23:59:59.999Z";"2019-10-14T19:07:00.000Z";"2019-10-14T16:29:00.000Z";"2781";8320.83224411;8390.20904169;8284.13119151;8374.6864467;15151387859.02;150680499056.444;"2019-10-14T23:59:59.999Z"
"2019-10-13T00:00:00.000Z";"2019-10-13T23:59:59.999Z";"2019-10-13T16:38:00.000Z";"2019-10-13T20:48:00.000Z";"2781";8336.90223051;8470.98789038;8276.61224603;8321.00574668;13808286058.98;149700817938.865;"2019-10-13T23:59:59.999Z"
"2019-10-12T00:00:00.000Z";"2019-10-12T23:59:59.999Z";"2019-10-12T16:05:00.000Z";"2019-10-12T00:02:00.000Z";"2781";8315.66465289;8415.24222171;8313.34130028;8336.55527417;14532641604.53;149965767624.062;"2019-10-12T23:59:59.999Z"
"2019-10-11T00:00:00.000Z";"2019-10-11T23:59:59.999Z";"2019-10-11T05:03:00.000Z";"2019-10-11T23:57:00.000Z";"2781";8585.26280768;8721.78072149;8316.18140086;8321.75671178;19604381101.23;149685618275.045;"2019-10-11T23:59:59.999Z"
"2019-10-10T00:00:00.000Z";"2019-10-10T23:59:59.999Z";"2019-10-10T07:50:00.000Z";"2019-10-10T13:33:02.000Z";"2781";8585.2798473;8625.27283353;8471.93362208;8586.47342543;17618660671.42;154430515160.222;"2019-10-10T23:59:59.999Z"
"2019-10-09T00:00:00.000Z";"2019-10-09T23:59:59.999Z";"2019-10-09T18:02:01.000Z";"2019-10-09T04:54:00.000Z";"2781";8229.84046087;8627.70620766;8169.29898629;8595.73981722;19384942333.22;154579656110.395;"2019-10-09T23:59:59.999Z"
"2019-10-08T00:00:00.000Z";"2019-10-08T23:59:59.999Z";"2019-10-08T02:23:00.000Z";"2019-10-08T20:40:00.000Z";"2781";8246.84962925;8332.71517142;8185.7629675;8228.7831528;15592264032.12;147966069981.652;"2019-10-08T23:59:59.999Z"
"2019-10-07T00:00:00.000Z";"2019-10-07T23:59:59.999Z";"2019-10-07T18:15:00.000Z";"2019-10-07T07:03:00.000Z";"2781";7989.12044675;8308.45022135;7905.76589842;8245.622933;18009742607.44;148252589805.02;"2019-10-07T23:59:59.999Z"
"2019-10-06T00:00:00.000Z";"2019-10-06T23:59:59.999Z";"2019-10-06T00:19:00.000Z";"2019-10-06T23:23:00.000Z";"2781";8149.87688203;8161.41016074;7958.85083002;7988.15595888;13160830305.19;143607672862.462;"2019-10-06T23:59:59.999Z"
"2019-10-05T00:00:00.000Z";"2019-10-05T23:59:59.999Z";"2019-10-05T03:20:00.000Z";"2019-10-05T13:09:00.000Z";"2781";8210.14909246;8215.52593054;8071.12083379;8151.50052921;12200497197.22;146529229668.44;"2019-10-05T23:59:59.999Z"
"2019-10-04T00:00:00.000Z";"2019-10-04T23:59:59.999Z";"2019-10-04T00:01:00.000Z";"2019-10-04T09:00:01.000Z";"2781";8259.49447523;8260.05563096;8151.23660841;8205.93924121;13139456229.41;147491804056.45;"2019-10-04T23:59:59.999Z"
"2019-10-03T00:00:00.000Z";"2019-10-03T23:59:59.999Z";"2019-10-03T00:04:00.000Z";"2019-10-03T15:09:00.000Z";"2781";8390.77428822;8414.22717061;8146.43684146;8259.99197863;13668823409.37;148448162840.339;"2019-10-03T23:59:59.999Z"
"2019-10-02T00:00:00.000Z";"2019-10-02T23:59:59.999Z";"2019-10-02T23:59:00.000Z";"2019-10-02T06:09:00.000Z";"2781";8344.21264933;8393.04164486;8227.69570267;8393.04164486;13125712442.69;150823797662.299;"2019-10-02T23:59:59.999Z"
"2019-10-01T00:00:00.000Z";"2019-10-01T23:59:59.999Z";"2019-10-01T17:08:01.000Z";"2019-10-01T01:12:01.000Z";"2781";8299.72110496;8497.6920351;8232.67960132;8343.2766814;15305343412.83;149913972767.969;"2019-10-01T23:59:59.999Z"
"2019-09-30T00:00:00.000Z";"2019-09-30T23:59:59.999Z";"2019-09-30T18:34:00.000Z";"2019-09-30T07:11:01.000Z";"2781";8104.22636732;8314.23099666;7830.75876126;8293.86774062;17115474183.47;149011567415.156;"2019-09-30T23:59:59.999Z"
"2019-09-29T00:00:00.000Z";"2019-09-29T23:59:59.999Z";"2019-09-29T00:10:00.000Z";"2019-09-29T20:09:00.000Z";"2781";8246.03737695;8261.70737338;7990.49716007;8104.18567564;13034629108.5;145590374680.607;"2019-09-29T23:59:59.999Z"
"2019-09-28T00:00:00.000Z";"2019-09-28T23:59:59.999Z";"2019-09-28T10:01:00.000Z";"2019-09-28T15:14:00.000Z";"2781";8251.27362342;8285.6167637;8125.43166316;8245.91515478;14141152736.19;148122503615.689;"2019-09-28T23:59:59.999Z"
"2019-09-27T00:00:00.000Z";"2019-09-27T23:59:59.999Z";"2019-09-27T22:02:00.000Z";"2019-09-27T15:40:00.000Z";"2781";8113.10095;8271.52075751;7965.92265351;8251.84555744;16408941155.51;148212635834.013;"2019-09-27T23:59:59.999Z"
"2019-09-26T00:00:00.000Z";"2019-09-26T23:59:59.999Z";"2019-09-26T09:45:00.000Z";"2019-09-26T16:41:01.000Z";"2781";8487.66958635;8515.68528527;7895.6296228;8118.96756783;19258205289.35;145812492487.865;"2019-09-26T23:59:59.999Z"
"2019-09-25T00:00:00.000Z";"2019-09-25T23:59:59.999Z";"2019-09-25T01:08:01.000Z";"2019-09-25T08:53:00.000Z";"2781";8603.42867242;8744.82844926;8325.39633159;8486.99297206;21744728352.61;152404005090.737;"2019-09-25T23:59:59.999Z"
"2019-09-24T00:00:00.000Z";"2019-09-24T23:59:59.999Z";"2019-09-24T06:17:00.000Z";"2019-09-24T19:54:00.000Z";"2781";9729.32139737;9804.31716645;8370.80138242;8620.56642733;25002886688.93;154785821876.078;"2019-09-24T23:59:59.999Z"
"2019-09-23T00:00:00.000Z";"2019-09-23T23:59:59.999Z";"2019-09-23T03:15:00.000Z";"2019-09-23T03:51:00.000Z";"2781";10067.9626513;10074.238246;9727.14357367;9729.32376435;15144925408.11;174674558022.766;"2019-09-23T23:59:59.999Z"
"2019-09-22T00:00:00.000Z";"2019-09-22T23:59:59.999Z";"2019-09-22T01:14:00.000Z";"2019-09-22T00:59:00.000Z";"2781";10024.1152629;10074.4444155;9922.53339543;10070.3921064;13199651698.47;180784051698.601;"2019-09-22T23:59:59.999Z"
"2019-09-21T00:00:00.000Z";"2019-09-21T23:59:59.999Z";"2019-09-21T01:32:01.000Z";"2019-09-21T22:28:00.000Z";"2781";10183.6480972;10188.0979122;10000.7080483;10019.7169101;13425266806.33;179853287294.13;"2019-09-21T23:59:59.999Z"
"2019-09-20T00:00:00.000Z";"2019-09-20T23:59:59.999Z";"2019-09-20T00:02:01.000Z";"2019-09-20T17:52:00.000Z";"2781";10266.3185338;10285.8722648;10132.1861639;10181.6413094;14734189639.28;182738947695.643;"2019-09-20T23:59:59.999Z"
"2019-09-19T00:00:00.000Z";"2019-09-19T23:59:59.999Z";"2019-09-19T03:07:01.000Z";"2019-09-19T16:34:00.000Z";"2781";10200.4958846;10295.6689895;9851.69215634;10266.4149694;19937691247.04;184240949577.458;"2019-09-19T23:59:59.999Z"
"2019-09-18T00:00:00.000Z";"2019-09-18T23:59:59.999Z";"2019-09-18T02:40:00.000Z";"2019-09-18T12:12:01.000Z";"2781";10247.7960832;10275.9290823;10191.4695236;10198.2484072;16169268880.2;182998899156.058;"2019-09-18T23:59:59.999Z"
"2019-09-17T00:00:00.000Z";"2019-09-17T23:59:59.999Z";"2019-09-17T20:11:00.000Z";"2019-09-17T09:24:00.000Z";"2781";10281.5133161;10296.7717172;10199.7397431;10241.2721545;15304603363.06;183748515827.697;"2019-09-17T23:59:59.999Z"
"2019-09-16T00:00:00.000Z";"2019-09-16T23:59:59.999Z";"2019-09-16T01:38:00.000Z";"2019-09-16T20:05:01.000Z";"2781";10347.2222579;10386.8668661;10189.7445857;10276.7935649;15160167778.76;184366827555.185;"2019-09-16T23:59:59.999Z"
"2019-09-15T00:00:00.000Z";"2019-09-15T23:59:59.999Z";"2019-09-15T11:17:00.000Z";"2019-09-15T15:08:00.000Z";"2781";10356.4657676;10387.0348987;10313.092448;10347.7129074;12043433567.35;185618174383.964;"2019-09-15T23:59:59.999Z"
"2019-09-14T00:00:00.000Z";"2019-09-14T23:59:59.999Z";"2019-09-14T21:22:00.000Z";"2019-09-14T12:17:00.000Z";"2781";10345.4037591;10422.1334739;10291.6944928;10358.0491621;13468713124.12;185784300332.487;"2019-09-14T23:59:59.999Z"
"2019-09-13T00:00:00.000Z";"2019-09-13T23:59:59.999Z";"2019-09-13T00:11:00.000Z";"2019-09-13T20:18:01.000Z";"2781";10415.3625333;10441.4890164;10226.5969003;10360.5472773;14109864674.71;185809163035.281;"2019-09-13T23:59:59.999Z"
"2019-09-12T00:00:00.000Z";"2019-09-12T23:59:59.999Z";"2019-09-12T22:29:00.000Z";"2019-09-12T06:50:01.000Z";"2781";10176.8193616;10442.2538742;10099.2419536;10410.1268031;15323563925.02;186678943058.602;"2019-09-12T23:59:59.999Z"
"2019-09-11T00:00:00.000Z";"2019-09-11T23:59:59.999Z";"2019-09-11T06:53:00.000Z";"2019-09-11T06:57:01.000Z";"2781";10123.0347321;10215.9477875;9980.77667261;10178.3718893;15428063426.07;182502788242.499;"2019-09-11T23:59:59.999Z"
"2019-09-10T00:00:00.000Z";"2019-09-10T23:59:59.999Z";"2019-09-10T01:37:00.000Z";"2019-09-10T19:56:00.000Z";"2781";10336.4084054;10394.3539227;10020.5734003;10115.9757913;14906809639.11;181360731382.795;"2019-09-10T23:59:59.999Z"
"2019-09-09T00:00:00.000Z";"2019-09-09T23:59:59.999Z";"2019-09-09T00:41:01.000Z";"2019-09-09T08:13:00.000Z";"2781";10443.2285007;10450.3115318;10144.929455;10334.9741628;17595943367.96;185263578990.272;"2019-09-09T23:59:59.999Z"
"2019-09-08T00:00:00.000Z";"2019-09-08T23:59:59.999Z";"2019-09-08T04:16:00.000Z";"2019-09-08T21:18:00.000Z";"2781";10518.1141171;10595.6380804;10409.091259;10441.275979;13670567492.76;187150078006.707;"2019-09-08T23:59:59.999Z"
"2019-09-07T00:00:00.000Z";"2019-09-07T23:59:59.999Z";"2019-09-07T17:22:00.000Z";"2019-09-07T00:01:00.000Z";"2781";10353.9315807;10558.673705;10348.9192522;10517.254784;15307366476.45;188488525926.318;"2019-09-07T23:59:59.999Z"
"2019-09-06T00:00:00.000Z";"2019-09-06T23:59:59.999Z";"2019-09-06T12:30:00.000Z";"2019-09-06T20:37:00.000Z";"2781";10578.1978276;10898.7621803;10292.3001305;10353.3025592;19536574782.88;185530405363.172;"2019-09-06T23:59:59.999Z"
"2019-09-05T00:00:00.000Z";"2019-09-05T23:59:59.999Z";"2019-09-05T06:04:01.000Z";"2019-09-05T18:04:01.000Z";"2781";10588.1840215;10627.2698685;10516.4182336;10575.533284;14551239507.98;189492405382.712;"2019-09-05T23:59:59.999Z"
"2019-09-04T00:00:00.000Z";"2019-09-04T23:59:59.999Z";"2019-09-04T20:12:00.000Z";"2019-09-04T13:24:01.000Z";"2781";10621.1803306;10762.6442123;10434.7103971;10594.4933536;16742664768.54;189810010607.682;"2019-09-04T23:59:59.999Z"
"2019-09-03T00:00:00.000Z";"2019-09-03T23:59:59.999Z";"2019-09-03T14:50:00.000Z";"2019-09-03T10:04:00.000Z";"2781";10345.7251399;10736.1047208;10308.5478807;10623.5401172;19384917988.71;190312487956.047;"2019-09-03T23:59:59.999Z"
"2019-09-02T00:00:00.000Z";"2019-09-02T23:59:59.999Z";"2019-09-02T17:23:01.000Z";"2019-09-02T17:25:00.000Z";"2781";9757.47323681;10396.5913249;9730.65071681;10346.7607927;17248102293.8;185333114163.111;"2019-09-02T23:59:59.999Z"
"2019-09-01T00:00:00.000Z";"2019-09-01T23:59:59.999Z";"2019-09-01T22:51:00.000Z";"2019-09-01T17:19:01.000Z";"2781";9630.59319616;9796.75596805;9582.94463078;9757.97031807;11445355859.37;174768292883.373;"2019-09-01T23:59:59.999Z"
"2019-08-31T00:00:00.000Z";"2019-08-31T23:59:59.999Z";"2019-08-31T20:04:01.000Z";"2019-08-31T21:03:00.000Z";"2781";9597.5394476;9673.22043974;9531.79983914;9630.66384768;11454806419.01;172470743516.177;"2019-08-31T23:59:59.999Z"
"2019-08-30T00:00:00.000Z";"2019-08-30T23:59:59.999Z";"2019-08-30T20:16:00.000Z";"2019-08-30T01:36:00.000Z";"2781";9514.84485249;9656.12392624;9428.30239699;9598.17364826;13595263986.44;171869216523.885;"2019-08-30T23:59:59.999Z"
"2019-08-29T00:00:00.000Z";"2019-08-29T23:59:59.999Z";"2019-08-29T00:00:00.000Z";"2019-08-29T07:45:00.000Z";"2781";9756.78570735;9756.78570735;9421.63015965;9510.20054413;17045878500.79;170274910132.348;"2019-08-29T23:59:59.999Z"
"2019-08-28T00:00:00.000Z";"2019-08-28T23:59:59.999Z";"2019-08-28T18:20:00.000Z";"2019-08-28T18:19:01.000Z";"2781";10203.4268025;10279.3659944;9716.65581044;9754.42327325;17603790323.11;174627460399.528;"2019-08-28T23:59:59.999Z"
"2019-08-27T00:00:00.000Z";"2019-08-27T23:59:59.999Z";"2019-08-27T00:03:00.000Z";"2019-08-27T12:30:00.000Z";"2781";10372.8263035;10381.3283434;10087.3005576;10185.4998997;14762609502.77;182325540954.58;"2019-08-27T23:59:59.999Z"
"2019-08-26T00:00:00.000Z";"2019-08-26T23:59:59.999Z";"2019-08-26T01:11:01.000Z";"2019-08-26T00:00:00.000Z";"2781";10126.2995187;10512.3277534;10126.2995187;10370.8201605;18438654079.53;185625235888.757;"2019-08-26T23:59:59.999Z"
"2019-08-25T00:00:00.000Z";"2019-08-25T23:59:59.999Z";"2019-08-25T13:15:00.000Z";"2019-08-25T21:43:00.000Z";"2781";10160.7370213;10304.6222586;10008.7887534;10138.517665;14153856609.65;181450186164.483;"2019-08-25T23:59:59.999Z"
"2019-08-24T00:00:00.000Z";"2019-08-24T23:59:59.999Z";"2019-08-24T13:10:00.000Z";"2019-08-24T09:58:00.000Z";"2781";10407.6442328;10418.0204345;9982.29685483;10159.9605385;15451030650.36;181813631752.038;"2019-08-24T23:59:59.999Z"
"2019-08-23T00:00:00.000Z";"2019-08-23T23:59:59.999Z";"2019-08-23T22:24:00.000Z";"2019-08-23T00:35:00.000Z";"2781";10136.3095336;10442.4435166;10078.1927261;10407.965329;15627023886.22;186231409722.18;"2019-08-23T23:59:59.999Z"
"2019-08-22T00:00:00.000Z";"2019-08-22T23:59:59.999Z";"2019-08-22T12:14:00.000Z";"2019-08-22T08:02:01.000Z";"2781";10142.52143;10232.9960286;9831.46262049;10131.0561021;17097508856.24;181257125782.967;"2019-08-22T23:59:59.999Z"
"2019-08-21T00:00:00.000Z";"2019-08-21T23:59:59.999Z";"2019-08-21T13:42:00.000Z";"2019-08-21T14:15:00.000Z";"2781";10764.5727493;10798.7297949;9962.7216442;10138.049355;19473084767.83;181364502141.631;"2019-08-21T23:59:59.999Z"
"2019-08-20T00:00:00.000Z";"2019-08-20T23:59:59.999Z";"2019-08-20T00:07:00.000Z";"2019-08-20T15:03:00.000Z";"2781";10916.3467171;10947.0417192;10618.9606782;10763.2326304;15053082175.36;192530283565.253;"2019-08-20T23:59:59.999Z"
"2019-08-19T00:00:00.000Z";"2019-08-19T23:59:59.999Z";"2019-08-19T23:59:00.000Z";"2019-08-19T00:32:00.000Z";"2781";10350.283631;10916.0538702;10313.2044338;10916.0538702;16038264603.26;195243306008.31;"2019-08-19T23:59:59.999Z"
"2019-08-18T00:00:00.000Z";"2019-08-18T23:59:59.999Z";"2019-08-18T14:18:00.000Z";"2019-08-18T04:39:00.000Z";"2781";10233.0062966;10487.070244;10119.0946079;10345.8103795;12999813869.05;185022920955.421;"2019-08-18T23:59:59.999Z"
"2019-08-17T00:00:00.000Z";"2019-08-17T23:59:59.999Z";"2019-08-17T10:01:00.000Z";"2019-08-17T18:06:00.000Z";"2781";10358.7225407;10452.6246924;10086.6979603;10231.7438454;13778035685.02;182966857173;"2019-08-17T23:59:59.999Z"
"2019-08-16T00:00:00.000Z";"2019-08-16T23:59:59.999Z";"2019-08-16T06:36:00.000Z";"2019-08-16T11:25:01.000Z";"2781";10319.4203458;10524.3498284;9855.47883007;10374.3393471;20228207096.36;185500055338.796;"2019-08-16T23:59:59.999Z"
"2019-08-15T00:00:00.000Z";"2019-08-15T23:59:59.999Z";"2019-08-15T10:00:00.000Z";"2019-08-15T13:36:00.000Z";"2781";10038.4217089;10437.4106507;9675.3164202;10311.545429;22899115082.14;184357666577.279;"2019-08-15T23:59:59.999Z"
"2019-08-14T00:00:00.000Z";"2019-08-14T23:59:59.999Z";"2019-08-14T00:01:00.000Z";"2019-08-14T23:54:00.000Z";"2781";10889.4877427;10889.5569207;10028.1353635;10051.7039313;19990838299.88;179692803424.26;"2019-08-14T23:59:59.999Z"
"2019-08-13T00:00:00.000Z";"2019-08-13T23:59:59.999Z";"2019-08-13T01:04:01.000Z";"2019-08-13T17:10:01.000Z";"2781";11385.0524972;11420.0498609;10830.3269144;10895.8304358;16681503536.97;194762696644.164;"2019-08-13T23:59:59.999Z"
"2019-08-12T00:00:00.000Z";"2019-08-12T23:59:59.999Z";"2019-08-12T00:00:00.000Z";"2019-08-12T12:03:00.000Z";"2781";11528.1893667;11528.1893667;11320.9515001;11382.6159562;13647198229.01;203441494985.163;"2019-08-12T23:59:59.999Z"
"2019-08-11T00:00:00.000Z";"2019-08-11T23:59:59.999Z";"2019-08-11T23:59:00.000Z";"2019-08-11T09:21:00.000Z";"2781";11349.7398943;11523.5793784;11248.2948234;11523.5793784;15774371517.99;205941632234.684;"2019-08-11T23:59:59.999Z"
"2019-08-10T00:00:00.000Z";"2019-08-10T23:59:59.999Z";"2019-08-10T00:35:00.000Z";"2019-08-10T22:36:01.000Z";"2781";11861.5566954;11915.6552603;11323.8987573;11354.0242177;18125355447.05;202890020454.664;"2019-08-10T23:59:59.999Z"
"2019-08-09T00:00:00.000Z";"2019-08-09T23:59:59.999Z";"2019-08-09T00:06:00.000Z";"2019-08-09T11:00:01.000Z";"2781";11953.4695395;11970.4577149;11709.7453788;11862.93676;18339989959.51;211961319132.719;"2019-08-09T23:59:59.999Z"
"2019-08-08T00:00:00.000Z";"2019-08-08T23:59:59.999Z";"2019-08-08T00:02:00.000Z";"2019-08-08T20:11:00.000Z";"2781";11954.0403364;11979.4201746;11556.1684508;11966.407405;19481591729.52;213788089212.212;"2019-08-08T23:59:59.999Z"
"2019-08-07T00:00:00.000Z";"2019-08-07T23:59:59.999Z";"2019-08-07T15:02:00.000Z";"2019-08-07T00:48:00.000Z";"2781";11476.1934394;12036.9898905;11433.701205;11941.9683406;22194988641.22;213330426788.853;"2019-08-07T23:59:59.999Z"
"2019-08-06T00:00:00.000Z";"2019-08-06T23:59:59.999Z";"2019-08-06T10:14:00.000Z";"2019-08-06T22:54:00.000Z";"2781";11811.5450274;12273.8213783;11290.7316542;11478.1693461;23635107659.81;205023347814.272;"2019-08-06T23:59:59.999Z"
"2019-08-05T00:00:00.000Z";"2019-08-05T23:59:59.999Z";"2019-08-05T17:29:00.000Z";"2019-08-05T00:00:01.000Z";"2781";10960.7357349;11895.0919275;10960.7357349;11805.6537253;23875988832.34;210848822060.36;"2019-08-05T23:59:59.999Z"
"2019-08-04T00:00:00.000Z";"2019-08-04T23:59:59.999Z";"2019-08-04T22:53:00.000Z";"2019-08-04T05:08:01.000Z";"2781";10821.6329392;11009.2069143;10620.2782517;10970.1842157;16530894786.81;195907875403.024;"2019-08-04T23:59:59.999Z"
"2019-08-03T00:00:00.000Z";"2019-08-03T23:59:59.999Z";"2019-08-03T19:25:00.000Z";"2019-08-03T00:53:00.000Z";"2781";10519.278349;10946.7813264;10503.5043975;10821.7265103;15352685060.58;193233960601.286;"2019-08-03T23:59:59.999Z"
"2019-08-02T00:00:00.000Z";"2019-08-02T23:59:59.999Z";"2019-08-02T16:16:01.000Z";"2019-08-02T00:36:00.000Z";"2781";10402.0434274;10657.95271;10371.0139875;10518.1746772;17489094081.7;187791090996.091;"2019-08-02T23:59:59.999Z"
"2019-08-01T00:00:00.000Z";"2019-08-01T23:59:59.999Z";"2019-08-01T08:37:01.000Z";"2019-08-01T05:04:00.000Z";"2781";10077.442592;10446.9203303;9922.01981608;10399.6694229;17165337857.81;185653203391.495;"2019-08-01T23:59:59.999Z"
"2019-07-31T00:00:00.000Z";"2019-07-31T23:59:59.999Z";"2019-07-31T17:08:01.000Z";"2019-07-31T17:11:00.000Z";"2781";9604.05115871;10085.6277491;9598.09768275;10085.6277491;16631520647.75;180028959602.822;"2019-07-31T23:59:59.999Z"
"2019-07-30T00:00:00.000Z";"2019-07-30T23:59:59.999Z";"2019-07-30T16:03:03.000Z";"2019-07-30T05:31:00.000Z";"2781";9522.32895542;9701.7593939;9437.3362874;9607.42368665;13829811132.08;171472452506.045;"2019-07-30T23:59:59.999Z"
"2019-07-29T00:00:00.000Z";"2019-07-29T23:59:59.999Z";"2019-07-29T04:32:01.000Z";"2019-07-29T11:57:00.000Z";"2781";9548.17889422;9681.64800826;9472.94833737;9519.14591371;13791445323.24;169880343826.604;"2019-07-29T23:59:59.999Z"
"2019-07-28T00:00:00.000Z";"2019-07-28T23:59:59.999Z";"2019-07-28T20:07:00.000Z";"2019-07-28T22:52:00.000Z";"2781";9491.62688749;9575.54534858;9252.2968633;9552.86043541;13738687092.78;170461958073.989;"2019-07-28T23:59:59.999Z"
"2019-07-27T00:00:00.000Z";"2019-07-27T23:59:59.999Z";"2019-07-27T00:14:00.000Z";"2019-07-27T00:15:00.000Z";"2781";9871.16499086;10167.3205575;9411.52180812;9477.67767811;16817809536.37;169099540423.129;"2019-07-27T23:59:59.999Z"
"2019-07-26T00:00:00.000Z";"2019-07-26T23:59:59.999Z";"2019-07-26T00:04:00.000Z";"2019-07-26T03:39:00.000Z";"2781";9913.12718948;9916.51772964;9717.9822414;9870.30353766;14495714483.23;176085968354.266;"2019-07-26T23:59:59.999Z"
"2019-07-25T00:00:00.000Z";"2019-07-25T23:59:59.999Z";"2019-07-25T19:45:00.000Z";"2019-07-25T13:55:00.000Z";"2781";9809.09690775;10154.2540296;9773.95670972;9911.84226491;15821952090.47;176806451137.238;"2019-07-25T23:59:59.999Z"
"2019-07-24T00:00:00.000Z";"2019-07-24T23:59:59.999Z";"2019-07-24T16:05:00.000Z";"2019-07-24T16:45:01.000Z";"2781";9887.73084418;9908.7972369;9614.30658327;9811.92618837;17398734321.63;175005760793.922;"2019-07-24T23:59:59.999Z"
"2019-07-23T00:00:00.000Z";"2019-07-23T23:59:59.999Z";"2019-07-23T14:55:00.000Z";"2019-07-23T12:23:00.000Z";"2781";10346.7477047;10346.7477047;9883.59513007;9900.76801058;17851916994.61;176572890701.902;"2019-07-23T23:59:59.999Z"
"2019-07-22T00:00:00.000Z";"2019-07-22T23:59:59.999Z";"2019-07-22T00:16:01.000Z";"2019-07-22T20:04:00.000Z";"2781";10596.9480747;10651.7912019;10154.9215831;10343.1061684;16334414913.2;184443440747.993;"2019-07-22T23:59:59.999Z"
"2019-07-21T00:00:00.000Z";"2019-07-21T23:59:59.999Z";"2019-07-21T00:45:00.000Z";"2019-07-21T15:14:00.000Z";"2781";10777.5296892;10841.8877848;10389.5998035;10599.1053965;17130580467.04;188987475961.558;"2019-07-21T23:59:59.999Z"
"2019-07-20T00:00:00.000Z";"2019-07-20T23:59:59.999Z";"2019-07-20T23:12:00.000Z";"2019-07-20T01:20:00.000Z";"2781";10525.819;11048.6623461;10451.2760142;10767.1395226;20206615154.65;191963691255.277;"2019-07-20T23:59:59.999Z"
"2019-07-19T00:00:00.000Z";"2019-07-19T23:59:59.999Z";"2019-07-19T01:09:00.000Z";"2019-07-19T13:16:00.000Z";"2781";10653.956443;10716.9806727;10229.6289244;10530.7326264;20727426309.59;187725578627.888;"2019-07-19T23:59:59.999Z"
"2019-07-18T00:00:00.000Z";"2019-07-18T23:59:59.999Z";"2019-07-18T06:38:00.000Z";"2019-07-18T14:44:00.000Z";"2781";9698.50274016;10736.8430131;9376.79846015;10666.4828491;25187024648.17;190129918120.93;"2019-07-18T23:59:59.999Z"
"2019-07-17T00:00:00.000Z";"2019-07-17T23:59:59.999Z";"2019-07-17T19:04:01.000Z";"2019-07-17T11:50:01.000Z";"2781";9471.21400074;9963.13442838;9163.13464449;9693.80272448;24569921548.67;172777250514.701;"2019-07-17T23:59:59.999Z"
"2019-07-16T00:00:00.000Z";"2019-07-16T23:59:59.999Z";"2019-07-16T17:01:00.000Z";"2019-07-16T16:56:00.000Z";"2781";10896.6533265;10996.6332798;9448.1067483;9477.64204235;24151199069.75;168908640950.353;"2019-07-16T23:59:59.999Z"
"2019-07-15T00:00:00.000Z";"2019-07-15T23:59:59.999Z";"2019-07-15T02:25:00.000Z";"2019-07-15T02:28:01.000Z";"2781";10257.8385363;11052.7667966;9992.00724951;10895.0893874;25384047206.61;194147627474.959;"2019-07-15T23:59:59.999Z"
"2019-07-14T00:00:00.000Z";"2019-07-14T23:59:59.999Z";"2019-07-14T02:15:00.000Z";"2019-07-14T23:54:01.000Z";"2781";11381.0208987;11451.2037673;10234.5764143;10256.0582756;22486000001.35;182741933551.727;"2019-07-14T23:59:59.999Z"
"2019-07-13T00:00:00.000Z";"2019-07-13T23:59:59.999Z";"2019-07-13T00:18:01.000Z";"2019-07-13T21:07:00.000Z";"2781";11813.1273165;11841.9572004;10908.4793185;11392.3793357;21042616383.56;202968191000.8;"2019-07-13T23:59:59.999Z"
"2019-07-12T00:00:00.000Z";"2019-07-12T23:59:59.999Z";"2019-07-12T21:06:01.000Z";"2019-07-12T04:07:01.000Z";"2781";11354.299624;11905.4870064;11179.1448437;11815.9866867;23534692796.61;210494417831.881;"2019-07-12T23:59:59.999Z"
"2019-07-11T00:00:00.000Z";"2019-07-11T23:59:59.999Z";"2019-07-11T00:01:00.000Z";"2019-07-11T20:52:01.000Z";"2781";12139.7138379;12144.6227945;11158.9228142;11358.661752;28595327690.1;202324174691.693;"2019-07-11T23:59:59.999Z"
"2019-07-10T00:00:00.000Z";"2019-07-10T23:59:59.999Z";"2019-07-10T13:40:00.000Z";"2019-07-10T21:29:00.000Z";"2781";12571.5371616;13129.5289339;11710.9784147;12156.5126313;33627574244.06;216515999522.295;"2019-07-10T23:59:59.999Z"
"2019-07-09T00:00:00.000Z";"2019-07-09T23:59:59.999Z";"2019-07-09T07:04:01.000Z";"2019-07-09T00:31:00.000Z";"2781";12284.3264649;12779.1320971;12233.2620314;12573.8129407;28167921522.62;223928128582.652;"2019-07-09T23:59:59.999Z"
"2019-07-08T00:00:00.000Z";"2019-07-08T23:59:59.999Z";"2019-07-08T23:10:00.000Z";"2019-07-08T03:16:00.000Z";"2781";11446.5971553;12345.8331464;11393.3743129;12285.958217;23482551458.31;218778355444.306;"2019-07-08T23:59:59.999Z"
"2019-07-07T00:00:00.000Z";"2019-07-07T23:59:59.999Z";"2019-07-07T20:06:00.000Z";"2019-07-07T03:20:00.000Z";"2781";11217.6159338;11541.6198726;11148.8048129;11450.8467553;19369044276.9;203881891345.94;"2019-07-07T23:59:59.999Z"
"2019-07-06T00:00:00.000Z";"2019-07-06T23:59:59.999Z";"2019-07-06T16:10:01.000Z";"2019-07-06T00:00:01.000Z";"2781";10982.5439142;11620.9651525;10982.5439142;11208.5508454;21092024306.26;199546110914.427;"2019-07-06T23:59:59.999Z"
"2019-07-05T00:00:00.000Z";"2019-07-05T23:59:59.999Z";"2019-07-05T14:44:00.000Z";"2019-07-05T07:02:00.000Z";"2781";11203.1024876;11395.6613596;10874.9649233;10978.4599518;23838480210.05;195424678267.024;"2019-07-05T23:59:59.999Z"
"2019-07-04T00:00:00.000Z";"2019-07-04T23:59:59.999Z";"2019-07-04T00:05:00.000Z";"2019-07-04T23:51:00.000Z";"2781";11972.7185797;12006.0753559;11166.5688601;11215.4375483;25920294033.34;199617404431.54;"2019-07-04T23:59:59.999Z"
"2019-07-03T00:00:00.000Z";"2019-07-03T23:59:59.999Z";"2019-07-03T23:57:00.000Z";"2019-07-03T00:00:01.000Z";"2781";10818.1558221;11968.0776971;10818.1558221;11961.2693412;30796494293.77;212867079175.497;"2019-07-03T23:59:59.999Z"
"2019-07-02T00:00:00.000Z";"2019-07-02T23:59:59.999Z";"2019-07-02T13:25:00.000Z";"2019-07-02T13:20:00.000Z";"2781";10588.6836947;10912.1886159;9737.88454398;10801.6779238;31015895222.96;192206536805.973;"2019-07-02T23:59:59.999Z"
"2019-07-01T00:00:00.000Z";"2019-07-01T23:59:59.999Z";"2019-07-01T03:56:01.000Z";"2019-07-01T19:56:00.000Z";"2781";10796.9306183;11206.4398606;10089.3143739;10583.1345195;29378589324.45;188297637573.825;"2019-07-01T23:59:59.999Z"
"2019-06-30T00:00:00.000Z";"2019-06-30T23:59:59.999Z";"2019-06-30T03:52:00.000Z";"2019-06-30T23:58:00.000Z";"2781";11931.990728;12178.3833598;10799.0085788;10817.1555981;27256473494.47;192442065810.218;"2019-06-30T23:59:59.999Z"
"2019-06-29T00:00:00.000Z";"2019-06-29T23:59:59.999Z";"2019-06-29T00:01:01.000Z";"2019-06-29T04:08:00.000Z";"2781";12400.7636934;12400.910221;11508.3784271;11959.3709764;29923961127.78;212739713110.418;"2019-06-29T23:59:59.999Z"
"2019-06-28T00:00:00.000Z";"2019-06-28T23:59:59.999Z";"2019-06-28T23:21:01.000Z";"2019-06-28T05:29:01.000Z";"2781";11162.1678255;12445.1752203;10914.4948615;12407.331998;35087757765.86;220681459665.927;"2019-06-28T23:59:59.999Z"
"2019-06-27T00:00:00.000Z";"2019-06-27T23:59:59.999Z";"2019-06-27T00:33:01.000Z";"2019-06-27T20:38:00.000Z";"2781";13017.1248668;13311.1443049;10491.8523044;11182.8062855;39977475222.63;198878940963.532;"2019-06-27T23:59:59.999Z"
"2019-06-26T00:00:00.000Z";"2019-06-26T23:59:59.999Z";"2019-06-26T19:56:01.000Z";"2019-06-26T00:05:00.000Z";"2781";11778.5811328;13796.4890807;11755.597775;13016.2317442;45105733173.19;231462117208.617;"2019-06-26T23:59:59.999Z"
"2019-06-25T00:00:00.000Z";"2019-06-25T23:59:59.999Z";"2019-06-25T23:59:00.000Z";"2019-06-25T00:00:01.000Z";"2781";11007.2020736;11790.916533;11007.2020736;11790.916533;24879684533.05;209647943360.178;"2019-06-25T23:59:59.999Z"
"2019-06-24T00:00:00.000Z";"2019-06-24T23:59:59.999Z";"2019-06-24T18:11:00.000Z";"2019-06-24T01:41:00.000Z";"2781";10853.7438384;11065.8960178;10610.4280819;11011.1024485;19271652364.85;195762668679.254;"2019-06-24T23:59:59.999Z"
"2019-06-23T00:00:00.000Z";"2019-06-23T23:59:59.999Z";"2019-06-23T21:40:02.000Z";"2019-06-23T10:43:01.000Z";"2781";10696.6909289;11246.1441834;10556.095932;10855.3710156;20998326501.96;192970090354.715;"2019-06-23T23:59:59.999Z"
"2019-06-22T00:00:00.000Z";"2019-06-22T23:59:59.999Z";"2019-06-22T12:51:01.000Z";"2019-06-22T00:15:00.000Z";"2781";10175.9239561;11157.3455164;10107.0352041;10701.691013;29995204860.64;190214124823.557;"2019-06-22T23:59:59.999Z"
"2019-06-21T00:00:00.000Z";"2019-06-21T23:59:59.999Z";"2019-06-21T23:35:00.000Z";"2019-06-21T23:36:00.000Z";"2781";9525.07460809;10144.5567168;9525.07460809;10144.5567168;20624008643.44;180293241528.337;"2019-06-21T23:59:59.999Z"
"2019-06-20T00:00:00.000Z";"2019-06-20T23:59:59.999Z";"2019-06-20T21:43:00.000Z";"2019-06-20T09:03:00.000Z";"2781";9273.06078283;9594.42027595;9232.48426293;9527.16035008;17846823783.9;169304784791.184;"2019-06-20T23:59:59.999Z"
"2019-06-19T00:00:00.000Z";"2019-06-19T23:59:59.999Z";"2019-06-19T22:52:01.000Z";"2019-06-19T00:49:00.000Z";"2781";9078.72760253;9299.62104446;9070.39599386;9273.52176614;15546809946.03;164780855868.715;"2019-06-19T23:59:59.999Z"
"2019-06-18T00:00:00.000Z";"2019-06-18T23:59:59.999Z";"2019-06-18T00:06:01.000Z";"2019-06-18T22:24:00.000Z";"2781";9335.46690152;9348.37442796;9004.90174624;9081.76285149;15848210535.5;161353637185.781;"2019-06-18T23:59:59.999Z"
"2019-06-17T00:00:00.000Z";"2019-06-17T23:59:59.999Z";"2019-06-17T23:18:00.000Z";"2019-06-17T00:00:01.000Z";"2781";8988.92370914;9416.40744016;8988.92370914;9320.35218253;15562951918.83;165573372261.217;"2019-06-17T23:59:59.999Z"
"2019-06-16T00:00:00.000Z";"2019-06-16T23:59:59.999Z";"2019-06-16T08:16:00.000Z";"2019-06-16T00:17:00.000Z";"2781";8841.44078361;9335.86694232;8814.55645906;8994.48801293;23348550310.97;159769423369.732;"2019-06-16T23:59:59.999Z"
"2019-06-15T00:00:00.000Z";"2019-06-15T23:59:59.999Z";"2019-06-15T19:40:01.000Z";"2019-06-15T02:01:00.000Z";"2781";8689.74641372;8859.12746691;8618.39596373;8838.37523367;18371033226.45;156982138834.687;"2019-06-15T23:59:59.999Z"
"2019-06-14T00:00:00.000Z";"2019-06-14T23:59:59.999Z";"2019-06-14T23:40:00.000Z";"2019-06-14T02:01:00.000Z";"2781";8230.89877378;8710.63642127;8183.39293312;8693.83281543;19831162905.97;154398880249.084;"2019-06-14T23:59:59.999Z"
"2019-06-13T00:00:00.000Z";"2019-06-13T23:59:59.999Z";"2019-06-13T22:21:00.000Z";"2019-06-13T03:06:00.000Z";"2781";8145.54523047;8311.56742951;8087.06116595;8230.92383068;18669407147.43;146160317148.195;"2019-06-13T23:59:59.999Z"
"2019-06-12T00:00:00.000Z";"2019-06-12T23:59:59.999Z";"2019-06-12T17:09:02.000Z";"2019-06-12T01:20:01.000Z";"2781";7925.43410401;8196.64825685;7862.3597896;8145.85747373;19034432883.38;144634684710.85;"2019-06-12T23:59:59.999Z"
"2019-06-11T00:00:00.000Z";"2019-06-11T23:59:59.999Z";"2019-06-11T00:10:00.000Z";"2019-06-11T16:23:02.000Z";"2781";8004.24354228;8026.3942184;7772.80393035;7927.71435114;17107279931.99;140748537529.853;"2019-06-11T23:59:59.999Z"
"2019-06-10T00:00:00.000Z";"2019-06-10T23:59:59.999Z";"2019-06-10T12:12:00.000Z";"2019-06-10T00:31:00.000Z";"2781";7692.28467885;8031.90989621;7586.73084679;8000.32982299;18689275117.47;142023351079.395;"2019-06-10T23:59:59.999Z"
"2019-06-09T00:00:00.000Z";"2019-06-09T23:59:59.999Z";"2019-06-09T00:21:00.000Z";"2019-06-09T22:33:00.000Z";"2781";7949.67470562;7975.97432619;7583.21971271;7688.07711075;16610726547.05;136465098533.162;"2019-06-09T23:59:59.999Z"
"2019-06-08T00:00:00.000Z";"2019-06-08T23:59:59.999Z";"2019-06-08T01:01:00.000Z";"2019-06-08T17:40:00.000Z";"2781";8036.774936;8076.89110147;7837.61096128;7954.12772355;16522722809.91;141172841635.462;"2019-06-08T23:59:59.999Z"
"2019-06-07T00:00:00.000Z";"2019-06-07T23:59:59.999Z";"2019-06-07T18:45:00.000Z";"2019-06-07T01:16:00.000Z";"2781";7826.90126518;8126.15348327;7788.3733918;8043.95135807;19141423230.79;142754693587.597;"2019-06-07T23:59:59.999Z"
"2019-06-06T00:00:00.000Z";"2019-06-06T23:59:59.999Z";"2019-06-06T11:18:00.000Z";"2019-06-06T18:39:01.000Z";"2781";7819.63337781;7937.34087946;7571.47097209;7822.02338228;19474611077.37;138800725479.332;"2019-06-06T23:59:59.999Z"
"2019-06-05T00:00:00.000Z";"2019-06-05T23:59:59.999Z";"2019-06-05T02:59:00.000Z";"2019-06-05T15:43:00.000Z";"2781";7704.34318039;7901.8489052;7668.6687003;7824.23153913;21760923463.03;138824651666.408;"2019-06-05T23:59:59.999Z"
"2019-06-04T00:00:00.000Z";"2019-06-04T23:59:59.999Z";"2019-06-04T00:00:01.000Z";"2019-06-04T22:07:01.000Z";"2781";8210.98582388;8210.98582388;7564.48860353;7707.77077085;24609731548.79;136742790468.573;"2019-06-04T23:59:59.999Z"
"2019-06-03T00:00:00.000Z";"2019-06-03T23:59:59.999Z";"2019-06-03T00:02:00.000Z";"2019-06-03T23:36:00.000Z";"2781";8741.74721596;8743.50012386;8204.18581516;8208.99482964;22004511436.01;145619047341.18;"2019-06-03T23:59:59.999Z"
"2019-06-02T00:00:00.000Z";"2019-06-02T23:59:59.999Z";"2019-06-02T12:48:00.000Z";"2019-06-02T03:20:00.000Z";"2781";8565.47326214;8809.30399136;8561.23513935;8742.95810038;20266216022.16;155077231351.225;"2019-06-02T23:59:59.999Z"
"2019-06-01T00:00:00.000Z";"2019-06-01T23:59:59.999Z";"2019-06-01T22:07:01.000Z";"2019-06-01T06:13:01.000Z";"2781";8573.83972489;8625.60025901;8481.57822194;8564.01647182;22488303543.95;151890214309.926;"2019-06-01T23:59:59.999Z"
"2019-05-31T00:00:00.000Z";"2019-05-31T23:59:59.999Z";"2019-05-31T23:55:00.000Z";"2019-05-31T05:10:01.000Z";"2781";8320.28637611;8586.65937818;8172.55084356;8574.50164907;25365190957.39;152059886413.545;"2019-05-31T23:59:59.999Z"
"2019-05-30T00:00:00.000Z";"2019-05-30T23:59:59.999Z";"2019-05-30T16:11:00.000Z";"2019-05-30T21:34:00.000Z";"2781";8661.76050606;9008.31456846;8221.27336604;8319.47222898;29246528551.2;147525141134.055;"2019-05-30T23:59:59.999Z"
"2019-05-29T00:00:00.000Z";"2019-05-29T23:59:59.999Z";"2019-05-29T14:10:00.000Z";"2019-05-29T05:53:00.000Z";"2781";8718.59132866;8755.85207898;8482.72893785;8659.48775584;23473479966.11;153537047654.921;"2019-05-29T23:59:59.999Z"
"2019-05-28T00:00:00.000Z";"2019-05-28T23:59:59.999Z";"2019-05-28T00:01:00.000Z";"2019-05-28T13:39:01.000Z";"2781";8802.75819975;8807.01613958;8634.72130428;8719.9617362;24226919266.66;154590202287.415;"2019-05-28T23:59:59.999Z"
"2019-05-27T00:00:00.000Z";"2019-05-27T23:59:59.999Z";"2019-05-27T16:42:00.000Z";"2019-05-27T04:38:00.000Z";"2781";8674.07240318;8907.17444077;8668.70492015;8805.7783766;27949839563.94;156093754762.006;"2019-05-27T23:59:59.999Z"
"2019-05-26T00:00:00.000Z";"2019-05-26T23:59:59.999Z";"2019-05-26T22:22:00.000Z";"2019-05-26T12:14:00.000Z";"2781";8055.20591925;8687.52079924;7924.67019111;8673.21603511;26677970091.5;153725486067.287;"2019-05-26T23:59:59.999Z"
"2019-05-25T00:00:00.000Z";"2019-05-25T23:59:59.999Z";"2019-05-25T11:22:00.000Z";"2019-05-25T06:11:00.000Z";"2781";7991.88503911;8117.92594496;7965.97621163;8052.54385907;22256813106.57;142708188838.421;"2019-05-25T23:59:59.999Z"
"2019-05-24T00:00:00.000Z";"2019-05-24T23:59:59.999Z";"2019-05-24T16:19:01.000Z";"2019-05-24T05:41:00.000Z";"2781";7881.6953208;8140.71991773;7824.44888684;7987.37156583;25919126990.99;141539115575.014;"2019-05-24T23:59:59.999Z"
"2019-05-23T00:00:00.000Z";"2019-05-23T23:59:59.999Z";"2019-05-23T22:49:00.000Z";"2019-05-23T09:29:00.000Z";"2781";7677.26883391;7943.79138993;7533.196693;7881.84672105;24457107820.1;139654107034.588;"2019-05-23T23:59:59.999Z"
"2019-05-22T00:00:00.000Z";"2019-05-22T23:59:59.999Z";"2019-05-22T01:07:01.000Z";"2019-05-22T22:07:00.000Z";"2781";7956.29214912;7997.61243859;7615.98748467;7680.06654589;24719473174.97;136063898960.26;"2019-05-22T23:59:59.999Z"
"2019-05-21T00:00:00.000Z";"2019-05-21T23:59:59.999Z";"2019-05-21T21:05:00.000Z";"2019-05-21T12:18:00.000Z";"2781";7977.96936984;8062.16804044;7843.33978307;7963.32777911;25127245056.4;141065573610.266;"2019-05-21T23:59:59.999Z"
"2019-05-20T00:00:00.000Z";"2019-05-20T23:59:59.999Z";"2019-05-20T00:01:00.000Z";"2019-05-20T13:15:00.000Z";"2781";8196.92393539;8200.96799673;7678.78158711;7978.30907244;23843404339.51;141315695727.576;"2019-05-20T23:59:59.999Z"
"2019-05-19T00:00:00.000Z";"2019-05-19T23:59:59.999Z";"2019-05-19T23:16:01.000Z";"2019-05-19T00:00:00.000Z";"2781";7267.96301884;8261.94116696;7267.96301884;8197.68969114;25902422039.65;145185076704.969;"2019-05-19T23:59:59.999Z"
"2019-05-18T00:00:00.000Z";"2019-05-18T23:59:59.999Z";"2019-05-18T05:40:00.000Z";"2019-05-18T09:38:00.000Z";"2781";7341.66441915;7447.2717408;7251.50451112;7271.20790408;21354286561.99;128761727083.303;"2019-05-18T23:59:59.999Z"
"2019-05-17T00:00:00.000Z";"2019-05-17T23:59:59.999Z";"2019-05-17T00:23:00.000Z";"2019-05-17T18:08:00.000Z";"2781";7886.92599261;7929.14555093;7038.12453946;7343.89571659;30066644905.13;130034777632.549;"2019-05-17T23:59:59.999Z"
"2019-05-16T00:00:00.000Z";"2019-05-16T23:59:59.999Z";"2019-05-16T01:12:00.000Z";"2019-05-16T21:04:00.000Z";"2781";8194.50090343;8320.82435452;7729.60838515;7884.90929094;33167197581.02;139599559277.841;"2019-05-16T23:59:59.999Z"
"2019-05-15T00:00:00.000Z";"2019-05-15T23:59:59.999Z";"2019-05-15T19:02:00.000Z";"2019-05-15T08:11:00.000Z";"2781";7989.37450547;8216.42381116;7899.10688404;8205.16749484;28344112919.57;145254332460.476;"2019-05-15T23:59:59.999Z"
"2019-05-14T00:00:00.000Z";"2019-05-14T23:59:59.999Z";"2019-05-14T08:01:00.000Z";"2019-05-14T21:09:00.000Z";"2781";7807.88444936;8268.71267944;7696.39104325;7994.41615632;32031452226.82;141508656734.802;"2019-05-14T23:59:59.999Z"
"2019-05-13T00:00:00.000Z";"2019-05-13T23:59:59.999Z";"2019-05-13T22:05:02.000Z";"2019-05-13T00:31:00.000Z";"2781";6971.17820581;8047.41300187;6898.2824267;7814.91513992;28677672181.45;138316573807.201;"2019-05-13T23:59:59.999Z"
"2019-05-12T00:00:00.000Z";"2019-05-12T23:59:59.999Z";"2019-05-12T08:11:00.000Z";"2019-05-12T15:51:01.000Z";"2781";7203.50752166;7503.87183327;6815.77092608;6972.37152291;27773333679.68;123389710222.362;"2019-05-12T23:59:59.999Z"
"2019-05-11T00:00:00.000Z";"2019-05-11T23:59:59.999Z";"2019-05-11T23:44:00.000Z";"2019-05-11T00:04:00.000Z";"2781";6379.66690526;7333.00312262;6375.69861161;7204.77169716;28867562329.3;127488435181.246;"2019-05-11T23:59:59.999Z"
"2019-05-10T00:00:00.000Z";"2019-05-10T23:59:59.999Z";"2019-05-10T18:09:00.000Z";"2019-05-10T01:07:01.000Z";"2781";6175.82273778;6434.61766164;6161.51907243;6378.8489737;19419875367.61;112863284035.003;"2019-05-10T23:59:59.999Z"
"2019-05-09T00:00:00.000Z";"2019-05-09T23:59:59.999Z";"2019-05-09T23:12:00.000Z";"2019-05-09T00:00:01.000Z";"2781";5982.31627033;6183.03929388;5982.31627033;6174.52868876;16784645410.8;109238600750.148;"2019-05-09T23:59:59.999Z"
"2019-05-08T00:00:00.000Z";"2019-05-08T23:59:59.999Z";"2019-05-08T23:28:00.000Z";"2019-05-08T00:25:00.000Z";"2781";5849.48135039;5989.98114696;5794.71564865;5982.45732286;15320605299.6;105829143585.149;"2019-05-08T23:59:59.999Z"
"2019-05-07T00:00:00.000Z";"2019-05-07T23:59:59.999Z";"2019-05-07T14:05:00.000Z";"2019-05-07T00:07:00.000Z";"2781";5745.59904909;5988.17834158;5741.39591074;5829.50151628;18026409032.59;103112368557.499;"2019-05-07T23:59:59.999Z"
"2019-05-06T00:00:00.000Z";"2019-05-06T23:59:59.999Z";"2019-05-06T19:09:00.000Z";"2019-05-06T08:01:00.000Z";"2781";5791.69326658;5802.95753492;5653.68761092;5746.80700343;15737171804.18;101640471055.639;"2019-05-06T23:59:59.999Z"
"2019-05-05T00:00:00.000Z";"2019-05-05T23:59:59.999Z";"2019-05-05T00:02:00.000Z";"2019-05-05T18:18:00.000Z";"2781";5831.06846097;5833.86291815;5708.03512399;5795.70842926;14808830722.93;102494420158.46;"2019-05-05T23:59:59.999Z"
"2019-05-04T00:00:00.000Z";"2019-05-04T23:59:59.999Z";"2019-05-04T02:00:00.000Z";"2019-05-04T16:07:00.000Z";"2781";5769.20253322;5886.8934994;5645.46932165;5831.16747167;17567780765.61;103112021258.803;"2019-05-04T23:59:59.999Z"
"2019-05-03T00:00:00.000Z";"2019-05-03T23:59:59.999Z";"2019-05-03T10:02:00.000Z";"2019-05-03T00:27:00.000Z";"2781";5505.55237976;5865.88207851;5490.2018629;5768.28940693;18720780005.73;101986240859.226;"2019-05-03T23:59:59.999Z"
"2019-05-02T00:00:00.000Z";"2019-05-02T23:59:59.999Z";"2019-05-02T16:09:00.000Z";"2019-05-02T04:21:00.000Z";"2781";5402.42286531;5522.26255673;5394.21751696;5505.28367176;14644460907.01;97330112146.5137;"2019-05-02T23:59:59.999Z"
"2019-05-01T00:00:00.000Z";"2019-05-01T23:59:59.999Z";"2019-05-01T18:01:00.000Z";"2019-05-01T00:13:00.000Z";"2781";5350.91450555;5418.004045;5347.6461061;5402.69709069;13679528236.45;95501110090.8014;"2019-05-01T23:59:59.999Z"
"2019-04-30T00:00:00.000Z";"2019-04-30T23:59:59.999Z";"2019-04-30T22:59:00.000Z";"2019-04-30T05:03:00.000Z";"2781";5247.72588172;5363.25752308;5224.18984511;5350.72669668;13878964573.8;94573826827.4842;"2019-04-30T23:59:59.999Z"
"2019-04-29T00:00:00.000Z";"2019-04-29T23:59:59.999Z";"2019-04-29T07:38:00.000Z";"2019-04-29T22:33:01.000Z";"2781";5284.85852173;5311.27468235;5216.48796096;5247.35253746;13735490672.32;92737510865.0381;"2019-04-29T23:59:59.999Z"
"2019-04-28T00:00:00.000Z";"2019-04-28T23:59:59.999Z";"2019-04-28T12:01:00.000Z";"2019-04-28T21:14:00.000Z";"2781";5271.74639378;5326.23201477;5255.68374555;5285.13900822;12819992055.63;93391244394.8948;"2019-04-28T23:59:59.999Z"
"2019-04-27T00:00:00.000Z";"2019-04-27T23:59:59.999Z";"2019-04-27T21:30:00.000Z";"2019-04-27T04:30:00.000Z";"2781";5279.47114181;5310.75014488;5233.63572083;5268.29106346;13111274675.11;93086156556.1504;"2019-04-27T23:59:59.999Z"
"2019-04-26T00:00:00.000Z";"2019-04-26T23:59:59.999Z";"2019-04-26T02:48:00.000Z";"2019-04-26T00:26:00.000Z";"2781";5210.30491981;5383.63441532;5177.36851375;5279.34821147;16812108039.63;93272287959.7983;"2019-04-26T23:59:59.999Z"
"2019-04-25T00:00:00.000Z";"2019-04-25T23:59:59.999Z";"2019-04-25T19:18:00.000Z";"2019-04-25T22:18:00.000Z";"2781";5466.52427676;5542.23830474;5181.33901806;5210.51555862;15330283408.05;92046492863.6906;"2019-04-25T23:59:59.999Z"
"2019-04-24T00:00:00.000Z";"2019-04-24T23:59:59.999Z";"2019-04-24T06:22:00.000Z";"2019-04-24T18:38:00.000Z";"2781";5571.50817669;5642.04459312;5418.26332858;5464.86664182;17048033399.09;96530038144.448;"2019-04-24T23:59:59.999Z"
"2019-04-23T00:00:00.000Z";"2019-04-23T23:59:59.999Z";"2019-04-23T19:03:00.000Z";"2019-04-23T00:30:00.000Z";"2781";5399.36570489;5633.80205461;5389.40888788;5572.36206051;15867308107.98;98417387004.1095;"2019-04-23T23:59:59.999Z"
"2019-04-22T00:00:00.000Z";"2019-04-22T23:59:59.999Z";"2019-04-22T19:04:00.000Z";"2019-04-22T04:00:01.000Z";"2781";5312.49464201;5422.68742206;5280.27672867;5399.36541009;14601631648;95354207775.9268;"2019-04-22T23:59:59.999Z"
"2019-04-21T00:00:00.000Z";"2019-04-21T23:59:59.999Z";"2019-04-21T03:33:00.000Z";"2019-04-21T19:00:01.000Z";"2781";5335.87896599;5359.92503038;5257.33953186;5314.5314532;13731844222.82;93847052256.1912;"2019-04-21T23:59:59.999Z"
"2019-04-20T00:00:00.000Z";"2019-04-20T23:59:59.999Z";"2019-04-20T08:11:00.000Z";"2019-04-20T21:59:00.000Z";"2781";5304.1605399;5358.49049306;5295.87771212;5337.8861323;13169647522.18;94248717443.8952;"2019-04-20T23:59:59.999Z"
"2019-04-19T00:00:00.000Z";"2019-04-19T23:59:59.999Z";"2019-04-19T16:33:00.000Z";"2019-04-19T03:21:00.000Z";"2781";5298.15452927;5336.68000293;5233.33520521;5303.81261613;13780238655.18;93638345002.2649;"2019-04-19T23:59:59.999Z"
"2019-04-18T00:00:00.000Z";"2019-04-18T23:59:59.999Z";"2019-04-18T21:36:00.000Z";"2019-04-18T00:03:00.000Z";"2781";5251.48069196;5319.98611387;5250.50665911;5298.38569881;13256489918.09;93532402741.0929;"2019-04-18T23:59:59.999Z"
"2019-04-17T00:00:00.000Z";"2019-04-17T23:59:59.999Z";"2019-04-17T00:23:00.000Z";"2019-04-17T09:18:00.000Z";"2781";5236.13523984;5274.27555335;5219.20559934;5251.93818854;12438480676.61;92702617458.1931;"2019-04-17T23:59:59.999Z"
"2019-04-16T00:00:00.000Z";"2019-04-16T23:59:59.999Z";"2019-04-16T22:12:00.000Z";"2019-04-16T00:27:00.000Z";"2781";5066.57760057;5238.9452381;5055.19496077;5235.55941893;11618660197.33;92404613297.4486;"2019-04-16T23:59:59.999Z"
"2019-04-15T00:00:00.000Z";"2019-04-15T23:59:59.999Z";"2019-04-15T05:09:00.000Z";"2019-04-15T20:22:00.000Z";"2781";5167.32198286;5196.60679923;5024.06937381;5067.10847228;12290155060.92;89422237602.9984;"2019-04-15T23:59:59.999Z"
"2019-04-14T00:00:00.000Z";"2019-04-14T23:59:59.999Z";"2019-04-14T23:13:00.000Z";"2019-04-14T06:57:00.000Z";"2781";5095.75863359;5184.01606396;5053.56858614;5167.72236684;10391952498.03;91188595340.7853;"2019-04-14T23:59:59.999Z"
"2019-04-13T00:00:00.000Z";"2019-04-13T23:59:59.999Z";"2019-04-13T07:16:00.000Z";"2019-04-13T11:51:00.000Z";"2781";5088.84997329;5127.12209428;5061.58936959;5096.58656276;10823289598.31;89925574874.6422;"2019-04-13T23:59:59.999Z"
"2019-04-12T00:00:00.000Z";"2019-04-12T23:59:59.999Z";"2019-04-12T17:47:00.000Z";"2019-04-12T01:56:00.000Z";"2781";5061.20088735;5103.27440858;4955.85259984;5089.53891201;13675206312.5;89792633045.0218;"2019-04-12T23:59:59.999Z"
"2019-04-11T00:00:00.000Z";"2019-04-11T23:59:59.999Z";"2019-04-11T00:28:00.000Z";"2019-04-11T11:41:00.000Z";"2781";5325.08155529;5354.22546556;5017.29640976;5064.48767243;16555616019.11;89341168456.888;"2019-04-11T23:59:59.999Z"
"2019-04-10T00:00:00.000Z";"2019-04-10T23:59:59.999Z";"2019-04-10T20:24:00.000Z";"2019-04-10T00:22:00.000Z";"2781";5204.10530845;5421.65146794;5193.38250879;5324.5518687;15504590933.27;93918439274.0321;"2019-04-10T23:59:59.999Z"
"2019-04-09T00:00:00.000Z";"2019-04-09T23:59:59.999Z";"2019-04-09T00:00:00.000Z";"2019-04-09T10:24:00.000Z";"2781";5289.91798137;5289.91798137;5167.41905834;5204.95837847;14722104361.4;91799330425.2375;"2019-04-09T23:59:59.999Z"
"2019-04-08T00:00:00.000Z";"2019-04-08T23:59:59.999Z";"2019-04-08T02:20:00.000Z";"2019-04-08T12:09:00.000Z";"2781";5199.83537777;5318.83648777;5148.21181354;5289.77104039;17154113634.32;93286365973.0142;"2019-04-08T23:59:59.999Z"
"2019-04-07T00:00:00.000Z";"2019-04-07T23:59:59.999Z";"2019-04-07T22:49:00.000Z";"2019-04-07T00:58:00.000Z";"2781";5062.79376134;5235.1864351;5050.41230153;5198.89699014;16655416140.27;91674230185.9347;"2019-04-07T23:59:59.999Z"
"2019-04-06T00:00:00.000Z";"2019-04-06T23:59:59.999Z";"2019-04-06T16:49:00.000Z";"2019-04-06T08:56:00.000Z";"2781";5036.79302365;5205.82193076;4992.22200103;5059.81718799;16929795193.69;89212733449.5707;"2019-04-06T23:59:59.999Z"
"2019-04-05T00:00:00.000Z";"2019-04-05T23:59:59.999Z";"2019-04-05T18:20:00.000Z";"2019-04-05T03:59:01.000Z";"2781";4922.80611783;5053.50997402;4919.49163361;5036.68110011;16837325387.24;88796118649.975;"2019-04-05T23:59:59.999Z"
"2019-04-04T00:00:00.000Z";"2019-04-04T23:59:59.999Z";"2019-04-04T01:22:00.000Z";"2019-04-04T20:15:00.000Z";"2781";4971.30774104;5063.1597258;4836.79382246;4922.79878778;18251810239.61;86778727821.0768;"2019-04-04T23:59:59.999Z"
"2019-04-03T00:00:00.000Z";"2019-04-03T23:59:59.999Z";"2019-04-03T21:36:00.000Z";"2019-04-03T00:01:01.000Z";"2781";4879.95813337;5307.00360895;4876.62131112;4973.02181522;22899891582.39;87655288144.6018;"2019-04-03T23:59:59.999Z"
"2019-04-02T00:00:00.000Z";"2019-04-02T23:59:59.999Z";"2019-04-02T23:44:00.000Z";"2019-04-02T00:12:00.000Z";"2781";4156.91964324;4905.95443266;4155.31667828;4879.87782845;21315047816.2;85986009273.1489;"2019-04-02T23:59:59.999Z"
"2019-04-01T00:00:00.000Z";"2019-04-01T23:59:59.999Z";"2019-04-01T14:45:00.000Z";"2019-04-01T00:35:00.000Z";"2781";4105.36242087;4164.95332383;4096.90125463;4158.18307045;10157794170.6;73269368747.441;"2019-04-01T23:59:59.999Z"
"2019-03-31T00:00:00.000Z";"2019-03-31T23:59:59.999Z";"2019-03-31T10:51:00.000Z";"2019-03-31T07:28:00.000Z";"2781";4105.45617673;4113.02361297;4094.10084931;4105.40429618;9045122442.87;72339379035.9471;"2019-03-31T23:59:59.999Z"
"2019-03-30T00:00:00.000Z";"2019-03-30T23:59:59.999Z";"2019-03-30T05:31:00.000Z";"2019-03-30T04:33:00.000Z";"2781";4092.13616358;4296.8066502;4053.90965067;4106.66008466;9732688060.43;72355190645.0434;"2019-03-30T23:59:59.999Z"
"2019-03-29T00:00:00.000Z";"2019-03-29T23:59:59.999Z";"2019-03-29T12:01:00.000Z";"2019-03-29T06:54:00.000Z";"2781";4068.29989093;4113.50083216;4034.09716136;4098.37454059;10918665556.75;72202088875.2092;"2019-03-29T23:59:59.999Z"
"2019-03-28T00:00:00.000Z";"2019-03-28T23:59:59.999Z";"2019-03-28T16:50:00.000Z";"2019-03-28T23:39:00.000Z";"2781";4087.584591;4094.90217427;4040.26644055;4069.10714977;9353915899.02;71678998915.3443;"2019-03-28T23:59:59.999Z"
"2019-03-27T00:00:00.000Z";"2019-03-27T23:59:59.999Z";"2019-03-27T23:56:00.000Z";"2019-03-27T00:52:00.000Z";"2781";3984.24481868;4087.06622992;3977.81046621;4087.06622992;10897131934.18;71987847570.6632;"2019-03-27T23:59:59.999Z"
"2019-03-26T00:00:00.000Z";"2019-03-26T23:59:59.999Z";"2019-03-26T23:59:00.000Z";"2019-03-26T13:01:01.000Z";"2781";3969.22885592;3985.08080287;3944.75317214;3985.08080287;10707678814.87;70184147202.9256;"2019-03-26T23:59:59.999Z"
"2019-03-25T00:00:00.000Z";"2019-03-25T23:59:59.999Z";"2019-03-25T06:34:00.000Z";"2019-03-25T20:23:00.000Z";"2781";4024.11267975;4038.84089385;3934.03136241;3963.07065416;10359818882.72;69789872373.2903;"2019-03-25T23:59:59.999Z"
"2019-03-24T00:00:00.000Z";"2019-03-24T23:59:59.999Z";"2019-03-24T00:24:00.000Z";"2019-03-24T20:36:00.000Z";"2781";4035.16354472;4040.69962534;4006.19284731;4022.1682822;9144851065;70823042992.427;"2019-03-24T23:59:59.999Z"
"2019-03-23T00:00:00.000Z";"2019-03-23T23:59:59.999Z";"2019-03-23T09:03:01.000Z";"2019-03-23T13:30:01.000Z";"2781";4022.71330744;4049.88248617;4015.96469723;4035.82635079;9578850549.21;71056017909.8302;"2019-03-23T23:59:59.999Z"
"2019-03-22T00:00:00.000Z";"2019-03-22T23:59:59.999Z";"2019-03-22T13:16:00.000Z";"2019-03-22T07:58:00.000Z";"2781";4028.51456305;4053.90667736;4021.54243412;4023.96816173;9252935969.12;70840048102.3798;"2019-03-22T23:59:59.999Z"
"2019-03-21T00:00:00.000Z";"2019-03-21T23:59:59.999Z";"2019-03-21T12:32:00.000Z";"2019-03-21T15:52:00.000Z";"2781";4083.95389256;4097.35995254;4005.15127452;4029.32690706;10831212661.69;70926226881.5237;"2019-03-21T23:59:59.999Z"
"2019-03-20T00:00:00.000Z";"2019-03-20T23:59:59.999Z";"2019-03-20T22:58:00.000Z";"2019-03-20T02:55:00.000Z";"2781";4070.7940175;4089.46189246;4031.11074047;4087.47629856;10175916388.28;71942444088.065;"2019-03-20T23:59:59.999Z"
"2019-03-19T00:00:00.000Z";"2019-03-19T23:59:59.999Z";"2019-03-19T23:01:00.000Z";"2019-03-19T05:06:00.000Z";"2781";4032.69200717;4082.21601126;4023.81254521;4071.19020004;9344919956.27;71647703827.7263;"2019-03-19T23:59:59.999Z"
"2019-03-18T00:00:00.000Z";"2019-03-18T23:59:59.999Z";"2019-03-18T02:12:00.000Z";"2019-03-18T07:41:00.000Z";"2781";4029.96845808;4071.55673145;4009.11722623;4032.50738522;9646954186.21;70958165406.797;"2019-03-18T23:59:59.999Z"
"2019-03-17T00:00:00.000Z";"2019-03-17T23:59:59.999Z";"2019-03-17T00:21:00.000Z";"2019-03-17T05:51:00.000Z";"2781";4047.71957111;4054.12201368;4006.41114819;4025.22897966;8221625399.66;70821939585.3756;"2019-03-17T23:59:59.999Z"
"2019-03-16T00:00:00.000Z";"2019-03-16T23:59:59.999Z";"2019-03-16T05:18:01.000Z";"2019-03-16T00:17:01.000Z";"2781";3963.90011952;4077.03628216;3961.6575267;4048.72590374;9856166973.21;71227967573.2899;"2019-03-16T23:59:59.999Z"
"2019-03-15T00:00:00.000Z";"2019-03-15T23:59:59.999Z";"2019-03-15T19:46:00.000Z";"2019-03-15T07:30:00.000Z";"2781";3926.66323109;3968.54286634;3914.01535654;3960.91118728;9394210604.86;69675002376.5269;"2019-03-15T23:59:59.999Z"
"2019-03-14T00:00:00.000Z";"2019-03-14T23:59:59.999Z";"2019-03-14T14:24:00.000Z";"2019-03-14T14:34:00.000Z";"2781";3905.57699911;3946.50428698;3901.2968769;3924.369118;10480789569.59;69024696307.424;"2019-03-14T23:59:59.999Z"
"2019-03-13T00:00:00.000Z";"2019-03-13T23:59:59.999Z";"2019-03-13T22:50:01.000Z";"2019-03-13T11:01:01.000Z";"2781";3913.047443;3926.59772853;3891.90419153;3906.71716859;9469184841.22;68706700381.1646;"2019-03-13T23:59:59.999Z"
"2019-03-12T00:00:00.000Z";"2019-03-12T23:59:59.999Z";"2019-03-12T13:21:00.000Z";"2019-03-12T04:19:01.000Z";"2781";3903.75829416;3926.88908293;3863.55909997;3909.15620907;9809887079.44;68743000581.0221;"2019-03-12T23:59:59.999Z"
"2019-03-11T00:00:00.000Z";"2019-03-11T23:59:59.999Z";"2019-03-11T03:56:00.000Z";"2019-03-11T16:01:00.000Z";"2781";3953.74017402;3966.38473672;3889.23913266;3905.22731979;10125901902.73;68666928025.4743;"2019-03-11T23:59:59.999Z"
"2019-03-10T00:00:00.000Z";"2019-03-10T23:59:59.999Z";"2019-03-10T00:04:00.000Z";"2019-03-10T07:49:00.000Z";"2781";3966.1742332;3966.1742332;3924.38105934;3951.59982769;9713267606.58;69475297369.7211;"2019-03-10T23:59:59.999Z"
"2019-03-09T00:00:00.000Z";"2019-03-09T23:59:59.999Z";"2019-03-09T16:16:00.000Z";"2019-03-09T00:13:00.000Z";"2781";3894.55252613;3987.23778458;3892.39046739;3963.31374243;10796103518.22;69674508654.6229;"2019-03-09T23:59:59.999Z"
"2019-03-08T00:00:00.000Z";"2019-03-08T23:59:59.999Z";"2019-03-08T20:08:01.000Z";"2019-03-08T22:41:01.000Z";"2781";3913.22593587;3950.43223806;3875.22842393;3901.13162355;10638638944;68574579320.2148;"2019-03-08T23:59:59.999Z"
"2019-03-07T00:00:00.000Z";"2019-03-07T23:59:59.999Z";"2019-03-07T04:25:00.000Z";"2019-03-07T10:34:01.000Z";"2781";3903.3847998;3939.37339556;3894.11295638;3911.4842891;9584165518.68;68749421310.5083;"2019-03-07T23:59:59.999Z"
"2019-03-06T00:00:00.000Z";"2019-03-06T23:59:59.999Z";"2019-03-06T10:51:00.000Z";"2019-03-06T04:17:00.000Z";"2781";3897.08106256;3919.51051824;3871.46059394;3903.9425832;9175291528.52;68609885775.7594;"2019-03-06T23:59:59.999Z"
"2019-03-05T00:00:00.000Z";"2019-03-05T23:59:59.999Z";"2019-03-05T16:43:00.000Z";"2019-03-05T02:56:00.000Z";"2781";3759.83244114;3903.91675352;3745.18318172;3896.37502308;10174126414.53;68470655399.5828;"2019-03-05T23:59:59.999Z"
"2019-03-04T00:00:00.000Z";"2019-03-04T23:59:59.999Z";"2019-03-04T01:30:01.000Z";"2019-03-04T10:54:00.000Z";"2781";3845.09155774;3867.38181147;3733.74966077;3761.55701842;9029175787.94;66094551587.193;"2019-03-04T23:59:59.999Z"
"2019-03-03T00:00:00.000Z";"2019-03-03T23:59:59.999Z";"2019-03-03T02:35:00.000Z";"2019-03-03T23:47:00.000Z";"2781";3862.26616642;3875.48371414;3836.90573367;3847.17569934;7253558152.32;67592376373.1992;"2019-03-03T23:59:59.999Z"
"2019-03-02T00:00:00.000Z";"2019-03-02T23:59:59.999Z";"2019-03-02T11:33:00.000Z";"2019-03-02T08:33:00.000Z";"2781";3855.31822217;3874.60748448;3832.12797211;3864.41510673;7578786075.61;67888255370.8382;"2019-03-02T23:59:59.999Z"
"2019-03-01T00:00:00.000Z";"2019-03-01T23:59:59.999Z";"2019-03-01T22:13:00.000Z";"2019-03-01T00:42:00.000Z";"2781";3853.75713203;3907.79548566;3851.69234979;3859.58375221;7661247975.11;67796965743.3518;"2019-03-01T23:59:59.999Z"
"2019-02-28T00:00:00.000Z";"2019-02-28T23:59:59.999Z";"2019-02-28T16:15:00.000Z";"2019-02-28T22:49:00.000Z";"2781";3848.2620255;3906.0584282;3845.82138085;3854.78528208;8399767798.46;67704774107.0288;"2019-02-28T23:59:59.999Z"
"2019-02-27T00:00:00.000Z";"2019-02-27T23:59:59.999Z";"2019-02-27T13:46:01.000Z";"2019-02-27T21:11:00.000Z";"2781";3857.47978186;3888.80258758;3787.05877702;3851.04747978;8301309684.14;67631949500.0921;"2019-02-27T23:59:59.999Z"
"2019-02-26T00:00:00.000Z";"2019-02-26T23:59:59.999Z";"2019-02-26T03:39:01.000Z";"2019-02-26T06:46:01.000Z";"2781";3878.6973183;3891.57896247;3837.98643789;3854.35793575;7931218996.38;67683296223.3571;"2019-02-26T23:59:59.999Z"
"2019-02-25T00:00:00.000Z";"2019-02-25T23:59:59.999Z";"2019-02-25T19:06:00.000Z";"2019-02-25T00:05:00.000Z";"2781";3807.00244566;3913.70726513;3807.00244566;3882.69629339;9318796066.67;68173204650.9558;"2019-02-25T23:59:59.999Z"
"2019-02-24T00:00:00.000Z";"2019-02-24T23:59:59.999Z";"2019-02-24T03:35:00.000Z";"2019-02-24T16:45:00.000Z";"2781";4145.45786231;4210.64175454;3793.70900544;3810.42743065;10794227451.22;66897483404.1494;"2019-02-24T23:59:59.999Z"
"2019-02-23T00:00:00.000Z";"2019-02-23T23:59:59.999Z";"2019-02-23T20:49:00.000Z";"2019-02-23T09:41:00.000Z";"2781";3998.91627262;4166.28616128;3968.72669838;4142.52692999;8922258315.77;72720867208.2186;"2019-02-23T23:59:59.999Z"
"2019-02-22T00:00:00.000Z";"2019-02-22T23:59:59.999Z";"2019-02-22T13:55:01.000Z";"2019-02-22T00:08:01.000Z";"2781";3952.4063737;4006.53838667;3950.81642747;4005.52660406;7826525254.38;70308555856.5589;"2019-02-22T23:59:59.999Z"
"2019-02-21T00:00:00.000Z";"2019-02-21T23:59:59.999Z";"2019-02-21T06:06:01.000Z";"2019-02-21T18:58:01.000Z";"2781";4000.25678662;4010.009483;3940.10818712;3954.1182433;7775128102.44;69398333876.334;"2019-02-21T23:59:59.999Z"
"2019-02-20T00:00:00.000Z";"2019-02-20T23:59:59.999Z";"2019-02-20T13:11:01.000Z";"2019-02-20T00:59:01.000Z";"2781";3946.68498546;4000.48629461;3926.24692473;3999.82050882;8693373948.01;70194350041.973;"2019-02-20T23:59:59.999Z"
"2019-02-19T00:00:00.000Z";"2019-02-19T23:59:59.999Z";"2019-02-19T14:06:01.000Z";"2019-02-19T01:53:00.000Z";"2781";3911.66152075;4010.87942178;3908.15296756;3947.09440657;9933626654.82;69262673238.0216;"2019-02-19T23:59:59.999Z"
"2019-02-18T00:00:00.000Z";"2019-02-18T23:59:59.999Z";"2019-02-18T18:52:01.000Z";"2019-02-18T00:10:00.000Z";"2781";3671.36998898;3936.66500089;3669.98232379;3915.71447331;9908216640.36;68704389994.3763;"2019-02-18T23:59:59.999Z"
"2019-02-17T00:00:00.000Z";"2019-02-17T23:59:59.999Z";"2019-02-17T10:40:00.000Z";"2019-02-17T13:31:00.000Z";"2781";3633.35947964;3680.53728847;3619.18213016;3673.83629289;7039512502.62;64453368778.9611;"2019-02-17T23:59:59.999Z"
"2019-02-16T00:00:00.000Z";"2019-02-16T23:59:59.999Z";"2019-02-16T13:54:01.000Z";"2019-02-16T00:05:01.000Z";"2781";3615.27026725;3652.84126709;3615.27026725;3629.78749138;5934744051.7;63673369195.0388;"2019-02-16T23:59:59.999Z"
"2019-02-15T00:00:00.000Z";"2019-02-15T23:59:59.999Z";"2019-02-15T14:20:00.000Z";"2019-02-15T15:49:00.000Z";"2781";3617.36836687;3647.7950639;3608.20643294;3620.81075285;6091952230.59;63509111125.2578;"2019-02-15T23:59:59.999Z"
"2019-02-14T00:00:00.000Z";"2019-02-14T23:59:59.999Z";"2019-02-14T08:56:00.000Z";"2019-02-14T14:01:00.000Z";"2781";3631.17019256;3646.25659694;3607.69780014;3616.88097021;6271044417.92;63434486051.9796;"2019-02-14T23:59:59.999Z"
"2019-02-13T00:00:00.000Z";"2019-02-13T23:59:59.999Z";"2019-02-13T06:41:00.000Z";"2019-02-13T12:31:00.000Z";"2781";3653.60399078;3669.74651062;3617.2464285;3632.07060268;6438903822.53;63694394519.3354;"2019-02-13T23:59:59.999Z"
"2019-02-12T00:00:00.000Z";"2019-02-12T23:59:59.999Z";"2019-02-12T21:06:00.000Z";"2019-02-12T10:37:01.000Z";"2781";3642.75185939;3668.58683348;3618.55692543;3653.52864497;6480384531.73;64063755249.7315;"2019-02-12T23:59:59.999Z"
"2019-02-11T00:00:00.000Z";"2019-02-11T23:59:59.999Z";"2019-02-11T00:05:00.000Z";"2019-02-11T17:19:01.000Z";"2781";3695.61303928;3695.61303928;3642.28773261;3648.43062774;6277056433.57;63968390249.9939;"2019-02-11T23:59:59.999Z"
"2019-02-10T00:00:00.000Z";"2019-02-10T23:59:59.999Z";"2019-02-10T23:40:00.000Z";"2019-02-10T15:03:01.000Z";"2781";3673.20153682;3695.03601276;3640.97995463;3690.18824383;6282256902.92;64694025950.728;"2019-02-10T23:59:59.999Z"
"2019-02-09T00:00:00.000Z";"2019-02-09T23:59:59.999Z";"2019-02-09T08:38:00.000Z";"2019-02-09T03:15:00.000Z";"2781";3671.58595682;3679.94151048;3646.55933455;3671.20370545;6158833644.65;64354732475.0563;"2019-02-09T23:59:59.999Z"
"2019-02-08T00:00:00.000Z";"2019-02-08T23:59:59.999Z";"2019-02-08T17:01:00.000Z";"2019-02-08T01:12:00.000Z";"2781";3401.37643333;3695.61397521;3391.02375248;3666.78035061;7735623101.05;64270269952.7511;"2019-02-08T23:59:59.999Z"
"2019-02-07T00:00:00.000Z";"2019-02-07T23:59:59.999Z";"2019-02-07T11:01:00.000Z";"2019-02-07T22:09:00.000Z";"2781";3414.92953864;3427.94560955;3394.21860755;3399.47164359;5004962682.81;59578075990.9339;"2019-02-07T23:59:59.999Z"
"2019-02-06T00:00:00.000Z";"2019-02-06T23:59:59.999Z";"2019-02-06T00:06:00.000Z";"2019-02-06T18:21:01.000Z";"2781";3469.09170088;3469.09170088;3398.56538208;3413.7677183;5482196037.61;59821158611.6301;"2019-02-06T23:59:59.999Z"
"2019-02-05T00:00:00.000Z";"2019-02-05T23:59:59.999Z";"2019-02-05T10:09:00.000Z";"2019-02-05T02:00:00.000Z";"2781";3454.9508136;3478.14811641;3451.93695191;3466.35743916;5227549544.89;60735563489.7233;"2019-02-05T23:59:59.999Z"
"2019-02-04T00:00:00.000Z";"2019-02-04T23:59:59.999Z";"2019-02-04T08:28:00.000Z";"2019-02-04T12:06:00.000Z";"2781";3467.2116661;3476.22377768;3442.5869204;3459.15414635;5332718886.31;60603083461.2471;"2019-02-04T23:59:59.999Z"
"2019-02-03T00:00:00.000Z";"2019-02-03T23:59:59.999Z";"2019-02-03T00:10:00.000Z";"2019-02-03T22:32:00.000Z";"2781";3516.13956776;3521.38822007;3447.92431416;3464.01332586;5043937583.95;60681847607.5771;"2019-02-03T23:59:59.999Z"
"2019-02-02T00:00:00.000Z";"2019-02-02T23:59:59.999Z";"2019-02-02T23:56:01.000Z";"2019-02-02T06:35:00.000Z";"2781";3484.62588008;3523.28733174;3467.57468262;3521.06078726;5071623600.97;61675119055.415;"2019-02-02T23:59:59.999Z"
"2019-02-01T00:00:00.000Z";"2019-02-01T23:59:59.999Z";"2019-02-01T23:27:01.000Z";"2019-02-01T07:51:01.000Z";"2781";3460.54712403;3501.95413455;3431.59149165;3487.94538683;5422926707.35;61088747491.2873;"2019-02-01T23:59:59.999Z"
"2019-01-31T00:00:00.000Z";"2019-01-31T23:59:59.999Z";"2019-01-31T01:03:00.000Z";"2019-01-31T18:52:01.000Z";"2781";3485.40928952;3504.80488538;3447.91581548;3457.79274724;5831198270.87;60553903927.4911;"2019-01-31T23:59:59.999Z"
"2019-01-30T00:00:00.000Z";"2019-01-30T23:59:59.999Z";"2019-01-30T18:27:00.000Z";"2019-01-30T00:32:00.000Z";"2781";3443.89706175;3495.1748876;3429.38794807;3486.18175093;5955112626.76;61044262622.3971;"2019-01-30T23:59:59.999Z"
"2019-01-29T00:00:00.000Z";"2019-01-29T23:59:59.999Z";"2019-01-29T00:59:01.000Z";"2019-01-29T08:02:00.000Z";"2781";3468.87015541;3476.06536415;3400.81972619;3448.11702209;5897159492.97;60371874098.8161;"2019-01-29T23:59:59.999Z"
"2019-01-28T00:00:00.000Z";"2019-01-28T23:59:59.999Z";"2019-01-28T00:43:00.000Z";"2019-01-28T15:46:01.000Z";"2781";3584.28327917;3586.75087826;3439.23300929;3470.45054223;6908930483.47;60756570313.9757;"2019-01-28T23:59:59.999Z"
"2019-01-27T00:00:00.000Z";"2019-01-27T23:59:59.999Z";"2019-01-27T04:04:00.000Z";"2019-01-27T14:38:00.000Z";"2781";3604.68726747;3612.67142766;3567.24575778;3583.96576317;5570752966.31;62737274092.7359;"2019-01-27T23:59:59.999Z"
"2019-01-26T00:00:00.000Z";"2019-01-26T23:59:59.999Z";"2019-01-26T08:26:00.000Z";"2019-01-26T02:03:00.000Z";"2781";3599.7153629;3654.93319305;3593.34583728;3602.46043861;5098183234.66;63054898963.1367;"2019-01-26T23:59:59.999Z"
"2019-01-25T00:00:00.000Z";"2019-01-25T23:59:59.999Z";"2019-01-25T01:46:00.000Z";"2019-01-25T12:23:00.000Z";"2781";3607.3903841;3612.92766233;3575.59733314;3599.7658879;5265847538.53;63000985907.6837;"2019-01-25T23:59:59.999Z"
"2019-01-24T00:00:00.000Z";"2019-01-24T23:59:59.999Z";"2019-01-24T20:20:00.000Z";"2019-01-24T04:01:00.000Z";"2781";3584.5003014;3616.08741447;3569.09284671;3600.86550122;5262869046.44;63014066011.6996;"2019-01-24T23:59:59.999Z"
"2019-01-23T00:00:00.000Z";"2019-01-23T23:59:59.999Z";"2019-01-23T14:21:00.000Z";"2019-01-23T21:40:00.000Z";"2781";3605.55702187;3623.06775216;3565.31403323;3585.12306636;5433755648.65;62731361271.6475;"2019-01-23T23:59:59.999Z"
"2019-01-22T00:00:00.000Z";"2019-01-22T23:59:59.999Z";"2019-01-22T19:17:00.000Z";"2019-01-22T11:44:00.000Z";"2781";3575.08123989;3620.74655094;3539.72132372;3604.57705248;5313623556.01;63065139423.6322;"2019-01-22T23:59:59.999Z"
"2019-01-21T00:00:00.000Z";"2019-01-21T23:59:59.999Z";"2019-01-21T00:23:00.000Z";"2019-01-21T22:30:00.000Z";"2781";3600.37273885;3608.84084892;3558.53714829;3576.03243928;5004347059.45;62559869611.6414;"2019-01-21T23:59:59.999Z"
"2019-01-20T00:00:00.000Z";"2019-01-20T23:59:59.999Z";"2019-01-20T01:52:00.000Z";"2019-01-20T19:25:00.000Z";"2781";3725.44612463;3743.38797121;3583.01948596;3601.0135915;5582489559.53;62990143284.0983;"2019-01-20T23:59:59.999Z"
"2019-01-19T00:00:00.000Z";"2019-01-19T23:59:59.999Z";"2019-01-19T11:18:00.000Z";"2019-01-19T00:04:03.000Z";"2781";3652.37783507;3758.53352345;3652.37783507;3728.56836493;5955691379.94;65214103658.5829;"2019-01-19T23:59:59.999Z"
"2019-01-18T00:00:00.000Z";"2019-01-18T23:59:59.999Z";"2019-01-18T00:13:00.000Z";"2019-01-18T19:49:00.000Z";"2781";3677.99058389;3682.52000204;3637.08086521;3657.83943502;5002961726.83;63970991867.2934;"2019-01-18T23:59:59.999Z"
"2019-01-17T00:00:00.000Z";"2019-01-17T23:59:59.999Z";"2019-01-17T23:25:00.000Z";"2019-01-17T10:23:01.000Z";"2781";3651.87098588;3680.13601133;3621.96099215;3678.56397636;5464420383.38;64327048254.6073;"2019-01-17T23:59:59.999Z"
"2019-01-16T00:00:00.000Z";"2019-01-16T23:59:59.999Z";"2019-01-16T12:19:00.000Z";"2019-01-16T00:24:01.000Z";"2781";3631.5098712;3685.77705953;3624.67338834;3655.00688578;5394457144.65;63909348775.7898;"2019-01-16T23:59:59.999Z"
"2019-01-15T00:00:00.000Z";"2019-01-15T23:59:59.999Z";"2019-01-15T01:24:01.000Z";"2019-01-15T21:04:01.000Z";"2781";3704.21630768;3720.15341533;3619.94912664;3630.67522467;5537192301.96;63477817959.3241;"2019-01-15T23:59:59.999Z"
"2019-01-14T00:00:00.000Z";"2019-01-14T23:59:59.999Z";"2019-01-14T18:40:00.000Z";"2019-01-14T00:31:00.000Z";"2781";3557.31113168;3727.83629128;3552.28515158;3706.05222041;5651384489.83;64789619995.0563;"2019-01-14T23:59:59.999Z"
"2019-01-13T00:00:00.000Z";"2019-01-13T23:59:59.999Z";"2019-01-13T16:06:00.000Z";"2019-01-13T21:11:00.000Z";"2781";3658.86811698;3674.75998688;3544.92722821;3552.95306759;4681302465.82;62106461671.3502;"2019-01-13T23:59:59.999Z"
"2019-01-12T00:00:00.000Z";"2019-01-12T23:59:59.999Z";"2019-01-12T00:45:00.000Z";"2019-01-12T09:53:00.000Z";"2781";3686.97309735;3698.9783488;3653.81085703;3661.30098975;4778170882.56;63994140881.8701;"2019-01-12T23:59:59.999Z"
"2019-01-11T00:00:00.000Z";"2019-01-11T23:59:59.999Z";"2019-01-11T21:32:01.000Z";"2019-01-11T04:56:02.000Z";"2781";3674.01543102;3713.88184691;3653.06980474;3687.3654818;5538712864.66;64443301116.571;"2019-01-11T23:59:59.999Z"
"2019-01-10T00:00:00.000Z";"2019-01-10T23:59:59.999Z";"2019-01-10T06:03:02.000Z";"2019-01-10T19:24:00.000Z";"2781";4034.41144545;4064.06655088;3659.17453883;3678.92468128;6874143795.72;64288932886.0169;"2019-01-10T23:59:59.999Z"
"2019-01-09T00:00:00.000Z";"2019-01-09T23:59:59.999Z";"2019-01-09T05:08:01.000Z";"2019-01-09T01:03:00.000Z";"2781";4031.55201569;4068.40358144;4022.66280883;4035.29636921;5115905224.63;70508733459.2063;"2019-01-09T23:59:59.999Z"
"2019-01-08T00:00:00.000Z";"2019-01-08T23:59:59.999Z";"2019-01-08T15:47:00.000Z";"2019-01-08T06:13:00.000Z";"2781";4028.47207166;4109.02106516;3996.95525626;4030.84799935;5306593305.07;70422743854.2439;"2019-01-08T23:59:59.999Z"
"2019-01-07T00:00:00.000Z";"2019-01-07T23:59:59.999Z";"2019-01-07T00:39:00.000Z";"2019-01-07T11:16:00.000Z";"2781";4078.58505461;4092.61343706;4020.89395079;4025.24828708;5228625637.09;70316305580.3226;"2019-01-07T23:59:59.999Z"
"2019-01-06T00:00:00.000Z";"2019-01-06T23:59:59.999Z";"2019-01-06T20:13:00.000Z";"2019-01-06T08:59:00.000Z";"2781";3836.51915828;4093.29744447;3826.51306238;4076.63268458;5597027439.6;71206795852.7853;"2019-01-06T23:59:59.999Z"
"2019-01-05T00:00:00.000Z";"2019-01-05T23:59:59.999Z";"2019-01-05T06:08:00.000Z";"2019-01-05T22:25:00.000Z";"2781";3851.97396457;3904.90309592;3836.90012599;3845.19446017;5137609823.76;67157570935.0686;"2019-01-05T23:59:59.999Z"
"2019-01-04T00:00:00.000Z";"2019-01-04T23:59:59.999Z";"2019-01-04T21:53:00.000Z";"2019-01-04T15:05:00.000Z";"2781";3832.03996811;3865.93453193;3783.8536653;3857.71761887;4847965467.09;67368333500.343;"2019-01-04T23:59:59.999Z"
"2019-01-03T00:00:00.000Z";"2019-01-03T23:59:59.999Z";"2019-01-03T00:20:00.000Z";"2019-01-03T18:20:00.000Z";"2781";3931.04863841;3935.68513083;3826.22287069;3836.74131867;4530215218.84;66994920902.7202;"2019-01-03T23:59:59.999Z"
"2019-01-02T00:00:00.000Z";"2019-01-02T23:59:59.999Z";"2019-01-02T23:31:00.000Z";"2019-01-02T07:06:00.000Z";"2781";3849.21640853;3947.9812729;3817.40949569;3943.40933686;5244856835.71;68849856731.6738;"2019-01-02T23:59:59.999Z"
"2019-01-01T00:00:00.000Z";"2019-01-01T23:59:59.999Z";"2019-01-01T23:32:00.000Z";"2019-01-01T18:52:00.000Z";"2781";3746.71338747;3850.91376479;3707.23130258;3843.51996727;4324200990.19;67098634180.6128;"2019-01-01T23:59:59.999Z"
"2018-12-31T00:00:00.000Z";"2018-12-31T23:59:59.999Z";"2018-12-31T00:02:00.000Z";"2018-12-31T22:08:00.000Z";"2781";3866.83899926;3868.74298842;3725.86749335;3742.70033544;4661840806.32;65331499157.744;"2018-12-31T23:59:59.999Z"
"2018-12-30T00:00:00.000Z";"2018-12-30T23:59:59.999Z";"2018-12-30T12:14:00.000Z";"2018-12-30T01:09:00.000Z";"2781";3822.38483485;3901.9090157;3797.21912198;3865.95257679;4770578574.97;67475512827.3938;"2018-12-30T23:59:59.999Z"
"2018-12-29T00:00:00.000Z";"2018-12-29T23:59:59.999Z";"2018-12-29T23:32:02.000Z";"2018-12-29T23:59:00.000Z";"2781";3932.49180904;3963.75880829;3820.40868219;3820.40868219;4991655917.48;66672244158.107;"2018-12-29T23:59:59.999Z"
"2018-12-28T00:00:00.000Z";"2018-12-28T23:59:59.999Z";"2018-12-28T19:18:00.000Z";"2018-12-28T07:02:00.000Z";"2781";3653.13192864;3956.13609361;3642.63210325;3923.91859424;5631554348.36;68471837968.722;"2018-12-28T23:59:59.999Z"
"2018-12-27T00:00:00.000Z";"2018-12-27T23:59:59.999Z";"2018-12-27T01:10:00.000Z";"2018-12-27T23:35:00.000Z";"2781";3854.68857317;3874.41687968;3645.44843766;3654.83353854;5130222366.47;63768757100.9022;"2018-12-27T23:59:59.999Z"
"2018-12-26T00:00:00.000Z";"2018-12-26T23:59:59.999Z";"2018-12-26T02:47:01.000Z";"2018-12-26T14:52:01.000Z";"2781";3819.66669066;3893.35973112;3769.86381605;3857.29751969;5326547918.24;67292819464.6361;"2018-12-26T23:59:59.999Z"
"2018-12-25T00:00:00.000Z";"2018-12-25T23:59:59.999Z";"2018-12-25T00:09:01.000Z";"2018-12-25T18:05:00.000Z";"2781";4081.03047102;4089.56159334;3760.02039224;3815.49060966;6158207293.44;66556033171.8177;"2018-12-25T23:59:59.999Z"
"2018-12-24T00:00:00.000Z";"2018-12-24T23:59:59.999Z";"2018-12-24T06:14:00.000Z";"2018-12-24T00:00:01.000Z";"2781";4000.33178206;4271.79245;4000.33178206;4078.59919478;7240968501.11;71137548588.8249;"2018-12-24T23:59:59.999Z"
"2018-12-23T00:00:00.000Z";"2018-12-23T23:59:59.999Z";"2018-12-23T10:59:00.000Z";"2018-12-23T22:35:02.000Z";"2781";4020.99467354;4085.72358463;3976.4057328;3998.98034184;6151275489.92;69741217416.6041;"2018-12-23T23:59:59.999Z"
"2018-12-22T00:00:00.000Z";"2018-12-22T23:59:59.999Z";"2018-12-22T23:56:00.000Z";"2018-12-22T05:36:01.000Z";"2781";3898.08367671;4014.18251388;3855.73893391;4014.18251388;5605823232.54;69997508294.9082;"2018-12-22T23:59:59.999Z"
"2018-12-21T00:00:00.000Z";"2018-12-21T23:59:59.999Z";"2018-12-21T01:58:01.000Z";"2018-12-21T20:53:01.000Z";"2781";4133.703587;4198.42957996;3850.94616856;3896.54371704;7206015706.48;67937650255.418;"2018-12-21T23:59:59.999Z"
"2018-12-20T00:00:00.000Z";"2018-12-20T23:59:59.999Z";"2018-12-20T17:06:00.000Z";"2018-12-20T00:11:01.000Z";"2781";3742.19518335;4191.22870639;3728.97463571;4134.44120304;8927129279.05;72078243770.6126;"2018-12-20T23:59:59.999Z"
"2018-12-19T00:00:00.000Z";"2018-12-19T23:59:59.999Z";"2018-12-19T13:46:00.000Z";"2018-12-19T00:33:01.000Z";"2781";3706.82484989;3949.32295089;3687.23002226;3745.95076478;6810689118.78;65299132785.3376;"2018-12-19T23:59:59.999Z"
"2018-12-18T00:00:00.000Z";"2018-12-18T23:59:59.999Z";"2018-12-18T23:44:00.000Z";"2018-12-18T09:16:01.000Z";"2781";3544.76156472;3701.34942887;3487.16920219;3696.05912776;5911325472.51;64422587801.2914;"2018-12-18T23:59:59.999Z"
"2018-12-17T00:00:00.000Z";"2018-12-17T23:59:59.999Z";"2018-12-17T20:48:00.000Z";"2018-12-17T02:23:00.000Z";"2781";3253.12299273;3597.9178885;3253.12299273;3545.86476058;5409247918.12;61798926686.5305;"2018-12-17T23:59:59.999Z"
"2018-12-16T00:00:00.000Z";"2018-12-16T23:59:59.999Z";"2018-12-16T12:19:01.000Z";"2018-12-16T01:43:02.000Z";"2781";3236.2747733;3305.75310795;3233.81979097;3252.83902595;3744248994.38;56685436643.7664;"2018-12-16T23:59:59.999Z"
"2018-12-15T00:00:00.000Z";"2018-12-15T23:59:59.999Z";"2018-12-15T04:49:01.000Z";"2018-12-15T15:56:01.000Z";"2781";3243.99754038;3275.37782696;3191.30356157;3236.76164502;3551763561.38;56400691424.6544;"2018-12-15T23:59:59.999Z"
"2018-12-14T00:00:00.000Z";"2018-12-14T23:59:59.999Z";"2018-12-14T01:01:00.000Z";"2018-12-14T21:55:02.000Z";"2781";3311.75191371;3329.55602092;3206.54229103;3242.48476281;4372763663.29;56494379457.2721;"2018-12-14T23:59:59.999Z"
"2018-12-13T00:00:00.000Z";"2018-12-13T23:59:59.999Z";"2018-12-13T00:20:01.000Z";"2018-12-13T21:07:02.000Z";"2781";3487.87935755;3489.73939494;3298.13196161;3313.67725772;4343372456.25;57728688215.976;"2018-12-13T23:59:59.999Z"
"2018-12-12T00:00:00.000Z";"2018-12-12T23:59:59.999Z";"2018-12-12T16:19:00.000Z";"2018-12-12T00:26:00.000Z";"2781";3421.4583733;3534.22857953;3413.48135271;3486.95014412;4139364828.95;60741625425.5272;"2018-12-12T23:59:59.999Z"
"2018-12-11T00:00:00.000Z";"2018-12-11T23:59:59.999Z";"2018-12-11T06:17:01.000Z";"2018-12-11T16:16:01.000Z";"2781";3497.5547337;3513.18494093;3392.2500529;3424.58807495;4696765187.88;59650201102.151;"2018-12-11T23:59:59.999Z"
"2018-12-10T00:00:00.000Z";"2018-12-10T23:59:59.999Z";"2018-12-10T01:14:00.000Z";"2018-12-10T20:31:00.000Z";"2781";3612.04639531;3647.33258231;3470.14441964;3502.65599577;5020968740.04;61004445982.3277;"2018-12-10T23:59:59.999Z"
"2018-12-09T00:00:00.000Z";"2018-12-09T23:59:59.999Z";"2018-12-09T17:23:00.000Z";"2018-12-09T00:08:00.000Z";"2781";3473.22762038;3685.30559965;3469.09435766;3614.23427278;4947372847.28;62942160928.0342;"2018-12-09T23:59:59.999Z"
"2018-12-08T00:00:00.000Z";"2018-12-08T23:59:59.999Z";"2018-12-08T23:07:00.000Z";"2018-12-08T21:49:00.000Z";"2781";3421.9104035;3506.04339159;3350.65070337;3476.11471452;5305024497.06;60531278391.8027;"2018-12-08T23:59:59.999Z"
"2018-12-07T00:00:00.000Z";"2018-12-07T23:59:59.999Z";"2018-12-07T00:00:01.000Z";"2018-12-07T17:39:00.000Z";"2781";3512.59040851;3512.59040851;3280.22875211;3419.93720035;6835615448.4;59547645578.0206;"2018-12-07T23:59:59.999Z"
"2018-12-06T00:00:00.000Z";"2018-12-06T23:59:59.999Z";"2018-12-06T09:31:00.000Z";"2018-12-06T23:59:01.000Z";"2781";3754.07446712;3874.96603127;3521.10172384;3521.10172384;5878333109.03;61303965507.8301;"2018-12-06T23:59:59.999Z"
"2018-12-05T00:00:00.000Z";"2018-12-05T23:59:59.999Z";"2018-12-05T00:56:00.000Z";"2018-12-05T23:59:00.000Z";"2781";3958.89472485;3969.53585216;3753.99482663;3753.99482663;5302481573.52;65352496335.9036;"2018-12-05T23:59:59.999Z"
"2018-12-04T00:00:00.000Z";"2018-12-04T23:59:59.999Z";"2018-12-04T15:14:01.000Z";"2018-12-04T06:04:01.000Z";"2781";3886.2948763;4075.62765492;3832.74993843;3956.89386975;5028069239.31;68878292607.5452;"2018-12-04T23:59:59.999Z"
"2018-12-03T00:00:00.000Z";"2018-12-03T23:59:59.999Z";"2018-12-03T00:08:01.000Z";"2018-12-03T16:32:01.000Z";"2781";4147.32376691;4155.97928378;3840.44626837;3894.1309069;5089570993.52;67779050169.8008;"2018-12-03T23:59:59.999Z"
"2018-12-02T00:00:00.000Z";"2018-12-02T23:59:59.999Z";"2018-12-02T02:23:00.000Z";"2018-12-02T10:50:00.000Z";"2781";4200.73317961;4301.51941165;4110.97847302;4139.8780641;5262697895.12;72050487506.1332;"2018-12-02T23:59:59.999Z"
"2018-12-01T00:00:00.000Z";"2018-12-01T23:59:59.999Z";"2018-12-01T20:04:01.000Z";"2018-12-01T06:57:00.000Z";"2781";4024.46424203;4309.37731216;3969.71064261;4214.67193177;5375314093.1;73346194969.0855;"2018-12-01T23:59:59.999Z"
"2018-11-30T00:00:00.000Z";"2018-11-30T23:59:59.999Z";"2018-11-30T05:11:01.000Z";"2018-11-30T12:50:01.000Z";"2781";4289.08896703;4322.97639207;3942.82208559;4017.26845712;6048016716.85;69904637061.278;"2018-11-30T23:59:59.999Z"
"2018-11-29T00:00:00.000Z";"2018-11-29T23:59:59.999Z";"2018-11-29T11:47:00.000Z";"2018-11-29T04:15:00.000Z";"2781";4269.0043945313;4413.02046804;4145.7651367188;4278.84645524;6503347767.19;74451016926.881;"2018-11-29T23:59:59.999Z"
"2018-11-28T00:00:00.000Z";"2018-11-28T23:59:59.999Z";"2018-11-28T20:46:00.000Z";"2018-11-28T00:01:00.000Z";"2781";3822.47;4385.9;3822.47;4257.42;7280280000;74072560088.04;"2018-11-28T23:59:59.999Z"
"2018-11-27T00:00:00.000Z";"2018-11-27T23:59:59.999Z";"2018-11-27T22:54:00.000Z";"2018-11-27T10:21:01.000Z";"2781";3765.95;3862.96;3661.01;3820.72;5998720000;66468970322;"2018-11-27T23:59:59.999Z"